object,simbad_id,ra_j2000_deg,dec_j2000_deg
S. Mag.,NAME SMC,13.15833,-72.80028
L. Mag.,NAME LMC,80.89417,-69.75611
NGC 6822,NGC 6822,296.23416,-14.79758
NGC 598,NGC 598,23.46207,30.66018
NGC 221,NGC 221,10.67427,40.86517
NGC 224,NGC 224,10.68471,41.26875
NGC 5457,NGC 5457,210.80243,54.34875
NGC 4736,NGC 4736,192.72114,41.12025
NGC 5194,NGC 5194,202.46957,47.19526
NGC 4449,NGC 4449,187.04632,44.09356
NGC 4214,NGC 4214,183.91322,36.32689
NGC 3031,NGC 3031,148.88822,69.06530
NGC 3627,NGC 3627,170.06260,12.99150
NGC 4826,NGC 4826,194.18207,21.68266
NGC 5236,NGC 5236,204.25383,-29.86576
NGC 1068,NGC 1068,40.66962,-0.01329
NGC 5055,NGC 5055,198.95531,42.02937
NGC 7331,NGC 7331,339.26688,34.41578
NGC 4258,NGC 4258,184.74008,47.30372
NGC 4151,NGC 4151,182.63573,39.40585
NGC 4382,NGC 4382,186.35022,18.19108
NGC 4472,NGC 4472,187.44490,8.00040
NGC 4486,NGC 4486,187.70593,12.39112
NGC 4649,NGC 4649,190.91655,11.55269
