r_mpc,v_kms,members,source
0.033,57,S. Mag. + L. Mag.,computed (solution 2); digitized 0.035/57
0.214,36,NGC 6822,computed (solution 2); hidden under its disc in the original
0.271,-125,NGC 598 + 221 + 224,computed (solution 2); digitized 0.272/-119
0.901,515,NGC 5236,computed (solution 2); digitized 0.901/515
0.610,384,unknown,digitized from original Figure 1
0.671,200,unknown,digitized from original Figure 1
1.050,742,unknown,digitized from original Figure 1
1.398,758,unknown,digitized from original Figure 1 (under the cross; +-10 km/s)
1.628,725,unknown,digitized from original Figure 1
