case,x,y
1,13.588010,11.095600
2,9.878124,12.559180
3,14.653980,10.180440
4,15.220570,9.993003
5,13.162650,12.963190
6,13.806170,8.889046
7,13.102140,10.560810
8,11.004030,11.867130
9,15.154750,11.704510
10,11.126390,9.643859
11,11.710400,13.590380
12,12.341070,11.482140
13,10.586640,11.866810
14,14.569570,10.577110
15,16.567650,14.322680
16,9.511439,10.672250
17,13.336990,10.705850
18,15.034860,10.194590
19,15.139730,10.040120
20,10.871040,9.823215
21,12.546310,11.982600
22,11.823670,11.797900
23,12.192270,10.383890
24,13.875890,12.750450
25,12.307980,11.851220
26,10.973790,11.853590
27,10.989120,9.759229
28,13.508030,13.340220
29,10.806530,11.660980
30,12.205690,13.642520
31,13.899330,13.988260
32,12.519380,11.615480
33,15.749020,12.651310
34,12.855630,9.896143
35,12.988660,10.167700
36,13.686100,11.406490
37,13.088890,11.116620
38,13.420640,11.082260
39,14.757340,9.368398
40,13.205000,13.168820
41,9.847669,12.532630
42,12.539660,12.004740
43,13.405220,10.245310
44,14.432220,11.619860
45,15.985920,14.185790
46,10.898300,12.014040
47,12.540320,13.413820
48,15.841750,12.380420
49,16.549060,14.349020
50,11.199620,8.586758
51,15.777340,12.172140
52,11.016520,9.782825
53,11.683240,13.581800
54,11.546160,12.279060
55,11.795390,15.077230
56,13.045330,13.882430
57,14.142440,13.133300
58,14.846490,10.011180
59,12.582710,11.010570
60,14.638340,12.921490
61,12.472890,11.214630
62,14.497300,8.744322
63,9.224811,10.836080
64,17.938930,7.189272
65,11.171290,14.733710
66,9.487955,10.705680
67,10.802750,9.933474
68,16.069810,14.112340
69,10.382570,10.568150
70,13.685470,8.984794
71,15.804610,13.928310
72,12.173180,11.809320
73,11.496270,10.734560
74,15.406090,11.192650
75,15.911030,12.207050
76,10.188100,11.918270
77,14.000400,12.775490
78,16.546840,11.393380
79,17.515010,11.228880
80,13.778030,8.864945
81,14.110880,10.560430
82,14.685810,11.455550
83,12.573770,13.439320
84,11.705520,10.364660
85,14.369120,12.550250
86,15.212810,16.959300
87,15.816130,13.898090
88,13.896430,12.721080
89,15.183070,11.589300
90,13.171160,12.932000
91,12.652850,11.263820
92,15.139310,13.201890
93,12.844600,11.610270
94,13.554420,13.175230
95,14.029490,13.074970
96,15.439820,13.278190
97,14.845850,14.869070
98,10.277320,11.367020
99,10.529770,11.629370
100,9.933102,12.305930
101,14.159510,9.238947
102,13.618410,12.549270
103,14.955990,9.839847
104,15.693620,12.380790
105,9.200059,11.972170
106,16.830130,11.393880
107,13.314520,10.315120
108,10.563040,11.581760
109,8.311067,7.202524
110,13.393060,13.037610
111,14.518380,8.716039
112,16.808860,11.427170
113,14.711340,11.917570
114,10.313670,11.386470
115,13.156510,11.151590
116,9.083952,13.215880
117,15.190220,9.974836
118,8.436085,7.393596
119,15.348140,9.820333
120,13.313390,12.378900
121,13.232160,9.731717
122,12.553310,11.546840
123,13.890990,10.952530
124,13.492730,12.514230
125,15.248060,16.972760
126,11.588120,11.092620
127,9.442908,10.767490
128,11.363950,9.602994
129,11.156940,14.775000
130,11.896530,10.230400
131,15.013080,10.214830
132,13.610450,11.494830
133,14.106900,13.603060
134,10.462960,11.209810
135,10.307720,9.462700
136,13.778920,12.695920
137,13.413280,12.428380
138,12.563260,11.045930
139,15.661590,13.935620
140,13.835450,8.909176
141,13.226680,12.339230
142,15.118690,10.067400
143,13.246040,10.514040
144,14.627210,11.421440
145,14.388830,10.292580
146,15.021840,14.112120
147,13.147930,10.594590
148,13.390420,8.816470
149,11.773280,9.525179
150,16.040670,14.354170
151,10.625610,10.929790
152,14.559940,10.600300
153,9.327332,12.168420
154,14.508370,11.500460
155,10.524850,12.318470
156,13.985800,12.800760
157,10.550350,11.602000
158,10.648120,11.706590
159,15.734500,6.090047
160,11.802400,11.160290
161,11.768030,10.268510
162,11.573690,11.128900
163,15.762050,14.020130
164,10.658700,11.679380
165,13.406050,13.284770
166,11.247570,11.451610
167,15.536590,12.760870
168,14.024180,10.708040
169,13.398720,12.456650
170,14.577840,16.189320
171,15.326210,13.433240
172,14.473040,8.777501
173,11.399570,9.887847
174,12.487310,11.177350
175,13.781230,11.160600
176,10.568130,11.027860
177,10.535820,11.010350
178,14.759570,10.752330
179,14.231800,12.040690
180,13.346940,11.975770
181,10.438550,11.807090
182,12.518760,10.581960
183,14.999820,11.993440
184,10.644790,9.882927
185,13.125170,11.132060
186,10.086800,11.470220
187,11.215300,11.436100
188,12.909700,11.737420
189,12.172530,9.965585
190,12.440940,11.281240
191,11.917100,10.202030
192,11.471690,11.383920
193,11.653020,13.570260
194,12.455620,11.509350
195,14.778680,12.312980
196,14.018000,12.749170
197,12.504060,13.399380
198,9.217884,12.333420
199,10.397450,11.306000
200,12.746030,9.155196
201,9.105901,6.343998
202,8.342558,7.136541
203,15.317360,13.567580
204,11.182970,11.417590
205,11.786890,11.191580
206,12.713500,11.300910
207,11.766490,11.229970
208,12.178550,13.634940
209,12.683210,11.284370
210,13.622920,13.388450
211,8.812553,15.134080
212,12.222640,11.337820
213,16.184790,14.290760
214,12.844600,11.610270
215,13.609530,13.427720
216,12.693580,10.214870
217,15.025000,11.855050
218,13.912990,12.692770
219,13.608020,9.075130
220,12.471790,13.011320
221,9.870624,12.404070
222,17.595100,7.335869
223,11.102990,11.112420
224,16.662060,14.404290
225,9.693037,11.009840
226,13.403530,13.004390
227,13.128420,10.580830
228,13.740800,10.078360
229,11.677790,11.129240
230,13.145230,11.818760
231,13.123700,11.849150
232,12.298440,11.880420
233,14.904040,12.763000
234,11.537110,12.587660
235,12.872840,11.623840
236,11.045850,11.231510
237,15.775540,13.987870
238,12.900190,10.338820
239,12.315520,11.511590
240,9.794394,11.772360
241,12.652850,11.263820
242,12.677590,12.054600
243,15.960300,9.162499
244,11.031260,11.879710
245,14.088770,9.337553
246,11.027100,11.745570
247,14.541570,8.684826
248,15.550980,11.280220
249,9.579331,11.780810
250,15.465730,11.096630
251,14.441910,12.159510
252,11.382910,9.910148
253,13.740640,11.312480
254,11.390990,11.033690
255,16.015720,9.072348
256,9.921976,11.863450
257,10.801790,9.687121
258,12.632600,11.622680
259,9.262066,10.663230
260,13.784640,13.815610
261,13.757360,13.795550
262,14.707880,9.969954
263,15.291530,10.049760
264,14.146860,12.422620
265,13.768230,10.094420
266,10.972600,11.344850
267,12.365050,10.484270
268,14.816310,10.042140
269,15.049860,13.613930
270,15.361580,13.454710
271,12.793000,14.312110
272,11.324000,9.794920
273,10.451070,11.776850
274,11.013490,11.211000
275,13.382610,9.455654
276,10.338840,11.396080
277,9.610787,11.807350
278,14.546910,12.273300
279,11.451230,11.418300
280,12.740490,10.738640
281,14.959690,11.968890
282,12.316920,14.831510
283,12.883350,10.784420
284,15.270400,9.139883
285,15.775050,9.566566
286,13.063820,13.850090
287,12.929220,11.706060
288,15.283850,12.107950
289,13.018650,11.789750
290,12.459430,11.248900
291,15.768920,12.954440
292,14.030040,13.355640
293,12.981160,14.373190
294,13.882200,14.635150
295,10.937520,9.725004
296,16.024120,14.009920
297,15.095690,10.093610
298,13.464570,12.567760
299,11.585430,12.293450
300,10.698920,12.002210
301,16.839400,11.601700
302,13.905690,14.601720
303,13.703390,11.112780
304,13.288950,9.631591
305,15.660400,12.369300
306,15.464870,11.226900
307,10.991250,11.197330
308,15.501040,11.115990
309,11.706010,9.637946
310,12.355460,11.442850
311,11.128720,11.529630
312,9.595812,10.939300
313,8.325407,7.166975
314,14.000610,13.339510
315,13.245290,12.997920
316,15.285040,9.337882
317,15.497300,11.243140
318,15.386940,7.330029
319,16.058140,14.319840
320,12.384700,13.694730
321,12.188870,11.789040
322,15.123320,11.688310
323,13.953760,12.862370
324,9.618408,10.912890
325,16.292650,14.338110
326,12.643940,10.648050
327,10.493770,12.874790
328,13.978310,12.832930
329,15.521510,11.265090
330,10.963990,11.182750
331,13.298010,12.915950
332,13.915080,13.565870
333,13.316530,9.643641
334,12.747070,10.712500
335,15.441550,11.208000
336,15.693720,13.879020
337,13.837590,11.055540
338,11.677280,10.476270
339,16.072680,14.290560
340,12.595320,10.985330
341,15.357260,11.294070
342,16.284000,14.360280
343,12.501620,12.066440
344,15.650000,12.904270
345,11.549750,12.564420
346,14.215220,12.068000
347,16.252940,10.093490
348,13.623790,11.204190
349,12.615270,10.355300
350,11.657450,11.171630
351,8.771104,10.942510
352,10.902500,14.699960
353,11.616520,11.054110
354,13.038830,11.240610
355,13.707340,11.295990
356,11.062310,11.757030
357,14.572270,12.291280
358,10.436630,11.563760
359,13.137700,12.283580
360,11.879740,14.161510
361,13.338690,10.338060
362,9.854939,12.175990
363,12.744390,12.846710
364,9.285564,10.630810
365,11.590550,9.539440
366,13.120200,12.315900
367,11.409420,10.997340
368,13.638690,11.508400
369,11.765790,13.611520
370,16.268330,14.381560
371,8.735910,12.051720
372,15.749130,12.160570
373,12.185630,11.401510
374,14.786330,14.093870
375,13.450840,8.860812
376,15.736670,12.940930
377,11.911940,14.172010
378,12.527200,12.785100
379,14.373800,13.076740
380,12.216720,14.141090
381,15.280430,11.421520
382,11.538640,10.754910
383,9.046618,11.207490
384,10.752560,8.843783
385,14.946100,10.105090
386,13.226770,11.909590
387,13.415740,8.835455
388,14.357850,12.036670
389,12.204150,11.370170
390,12.003410,14.569140
391,13.587210,11.605370
392,8.757473,12.023330
393,13.388810,10.970600
394,12.570460,12.798430
395,15.563340,14.174550
396,12.521080,12.032080
397,12.409010,11.349860
398,12.369030,11.415600
399,13.449090,12.601060
400,12.032970,11.368910
401,9.944605,11.839050
402,12.143460,13.631500
403,14.406120,13.095980
404,15.706420,12.927400
405,13.758910,11.141930
406,11.445380,10.930660
407,13.796500,14.168860
408,15.577110,11.304240
409,14.993930,10.245190
410,14.112900,13.120170
411,13.174220,9.835811
412,13.260780,12.965620
413,10.932610,12.031510
414,12.147290,9.951969
415,13.957310,13.883160
416,11.264150,10.802380
417,13.425970,12.967980
418,13.515330,12.487830
419,14.768900,11.957800
420,12.973100,10.950230
421,12.425510,11.317540
422,12.348050,14.775930
423,13.104750,12.351200
424,14.778940,13.199660
425,9.813148,12.502140
426,14.144130,10.573920
427,12.034690,14.584660
428,16.098840,14.237060
429,12.683210,11.284370
430,14.695020,10.126840
431,8.840331,12.134170
432,10.547010,12.327130
433,12.249020,14.157590
434,11.735560,13.598990
435,8.280715,11.568290
436,12.385030,13.218020
437,16.733770,8.447514
438,15.722960,7.178130
439,16.083210,14.260350
440,14.272520,10.466700
441,9.736776,12.359150
442,13.280410,12.941270
443,16.067330,9.970328
444,14.353760,10.352230
445,13.405360,10.941290
446,14.519690,9.029811
447,14.571640,11.389280
448,13.711770,13.944200
449,16.236360,14.198800
450,16.255860,14.415810
451,12.807550,14.282840
452,13.360500,11.947510
453,11.177510,8.616005
454,11.641550,12.173370
455,14.738540,11.939630
456,9.423313,10.793840
457,9.466473,10.739070
458,15.711210,11.608360
459,14.262070,12.490880
460,14.188340,13.432680
461,11.484190,10.419280
462,15.028630,10.361740
463,13.087180,12.378530
464,10.957820,12.043130
465,11.939000,14.174580
466,13.481890,8.887023
467,14.062960,13.090250
468,10.947260,16.485900
469,14.205140,9.438095
470,10.384070,11.159000
471,15.604730,11.315290
472,11.272750,11.461220
473,13.022480,9.609664
474,13.578910,13.141790
475,11.076470,11.641630
476,14.596900,11.403900
477,15.246370,8.629816
478,13.364750,10.364090
479,16.143580,10.905310
480,14.299000,10.432230
481,16.411710,14.397290
482,12.590530,14.978350
483,13.254680,10.819060
484,10.993150,12.061590
485,10.101620,10.649770
486,15.621370,12.556210
487,14.215920,13.444730
488,13.368650,12.516220
489,10.778310,11.648410
490,13.178320,10.611750
491,13.806020,12.638400
492,11.423960,10.968060
493,12.918490,9.794238
494,13.607650,11.072250
495,13.337820,14.331420
496,12.169190,11.436830
497,14.367350,10.325970
498,8.863929,12.107750
499,15.541890,14.209940
500,14.315600,10.406920
501,10.027740,11.282890
502,13.208590,14.262380
503,10.485030,12.456310
504,9.533020,10.644860
505,10.433690,11.194260
506,10.926310,14.624470
507,13.318600,11.023810
508,12.614800,10.951970
509,13.080490,14.201340
510,11.645940,10.456750
511,13.563850,10.071790
512,13.375510,13.066930
513,13.736700,11.130270
514,10.688260,12.459060
515,12.187640,14.137550
516,13.969210,13.322310
517,14.770230,9.210511
518,15.082610,10.122190
519,16.236590,9.914474
520,15.313560,11.445800
521,12.549720,11.075190
522,14.656520,11.439000
523,12.532180,11.104520
524,10.913040,14.670750
525,15.679180,12.913810
526,11.652780,12.622860
527,9.501461,11.544710
528,13.269430,14.799790
529,13.616110,15.328440
530,13.430570,10.263300
531,13.480130,12.539470
532,11.071840,11.104910
533,12.928780,10.932910
534,12.844560,16.018850
535,15.316080,9.794086
536,12.782220,11.341870
537,9.207745,11.081720
538,14.374330,12.003360
539,15.581410,10.920520
540,10.407390,11.177650
541,12.980450,10.660680
542,13.249180,11.872180
543,10.962880,9.745629
544,13.517540,11.008600
545,9.582069,10.582990
546,14.537360,10.627700
547,12.511760,11.141900
548,10.714470,12.470660
549,13.315400,12.876610
550,9.378991,10.962800
551,13.379060,11.919170
552,13.521660,11.139730
553,13.496010,11.038990
554,13.637150,9.099265
555,14.264450,15.623500
556,9.556584,10.616440
557,14.072450,15.510410
558,12.944710,13.787900
559,15.413320,13.808400
560,13.789380,12.661700
561,11.418060,9.855504
562,12.390450,11.378200
563,12.744810,11.318430
564,13.585220,11.482220
565,14.088540,13.102220
566,15.066610,10.148660
567,15.278040,13.550180
568,14.676130,10.150190
569,13.379220,12.489010
570,12.276910,11.910810
571,14.333080,10.373590
572,12.421510,11.566980
573,12.060850,10.302880
574,12.438040,11.536670
575,15.050640,10.174120
576,17.271660,11.633800
577,12.426100,11.914420
578,15.018170,12.515810
