street,n,x,y
1,2,16.738001,18.695999
1,2,17.660000,18.712000
2,2,14.462000,18.655001
2,2,16.738001,18.695999
3,2,12.793881,18.616131
3,2,14.462000,18.655001
4,2,11.599876,18.588308
4,2,12.793881,18.616131
5,2,10.971961,18.573677
5,2,11.599876,18.588308
6,2,10.795917,18.569574
6,2,10.971961,18.573677
7,2,8.533000,18.524000
7,2,10.795917,18.569574
8,2,7.364000,18.499001
8,2,8.533000,18.524000
9,2,6.703000,18.485001
9,2,7.364000,18.499001
10,2,6.478946,18.479050
10,2,6.703000,18.485001
11,2,4.992000,18.441000
11,2,6.478946,18.479050
12,2,3.390000,18.396999
12,2,4.992000,18.441000
13,2,9.682715,18.209238
13,2,10.795917,18.569574
14,3,17.660000,18.712000
14,3,19.483999,18.725000
14,3,19.503000,18.119000
15,2,8.657000,18.089001
15,2,8.533000,18.524000
16,2,5.097822,18.053335
16,2,6.478946,18.479050
17,2,4.992000,18.441000
17,2,5.097822,18.053335
18,2,8.772448,17.914589
18,2,9.682715,18.209238
19,2,8.772448,17.914589
19,2,8.657000,18.089001
20,3,17.447348,17.900648
20,3,18.736000,18.063999
20,3,19.503000,18.119000
21,3,17.447348,17.900648
21,3,17.518000,18.438999
21,3,17.660000,18.712000
22,2,17.174000,17.865999
22,2,17.447348,17.900648
23,2,17.174000,17.865999
23,2,16.738001,18.695999
24,3,7.926000,17.670000
24,3,7.882000,17.850000
24,3,8.657000,18.089001
25,2,16.112923,17.645401
25,2,17.174000,17.865999
26,5,16.112923,17.645401
26,5,15.895001,18.333000
26,5,15.507000,18.242001
26,5,15.387000,18.339001
26,5,15.317000,18.517000
27,2,3.733000,17.621000
27,2,5.097822,18.053335
28,2,7.624636,17.582480
28,2,7.926000,17.670000
29,2,7.364000,18.499001
29,2,7.624636,17.582480
30,2,3.405966,17.535513
30,2,3.733000,17.621000
31,2,3.405966,17.535513
31,2,3.390000,18.396999
32,2,15.600000,17.525000
32,2,16.112923,17.645401
33,2,14.970263,17.415236
33,2,15.600000,17.525000
34,2,14.970263,17.415236
34,2,14.462000,18.655001
35,2,6.994010,17.399340
35,2,7.624636,17.582480
36,2,6.994010,17.399340
36,2,6.703000,18.485001
37,2,19.503000,18.119000
37,2,19.527250,17.264149
38,3,14.159412,17.262054
38,3,14.783000,17.382000
38,3,14.970263,17.415236
39,3,8.824000,17.195999
39,3,8.876000,17.326000
39,3,8.772448,17.914589
40,2,19.353001,17.184000
40,2,19.527250,17.264149
41,3,18.507999,17.327999
41,3,19.184000,17.562000
41,3,19.353001,17.184000
42,3,13.394644,17.119888
42,3,13.816000,17.195999
42,3,14.159412,17.262054
43,2,13.394644,17.119888
43,2,12.793881,18.616131
44,2,11.525000,17.075001
44,2,10.971961,18.573677
45,2,8.193000,17.014999
45,2,8.824000,17.195999
46,2,8.146000,16.990999
46,2,8.193000,17.014999
47,2,7.926000,17.670000
47,2,8.146000,16.990999
48,2,5.402715,16.937210
48,2,6.994010,17.399340
49,2,5.097822,18.053335
49,2,5.402715,16.937210
50,3,12.306203,16.921307
50,3,12.742000,17.002001
50,3,13.394644,17.119888
51,2,12.244754,16.909929
51,2,12.306203,16.921307
52,3,14.159412,17.262054
52,3,14.332000,16.490000
52,3,14.389000,16.499001
53,2,15.317000,16.410000
53,2,14.970263,17.415236
54,2,15.389000,16.120001
54,2,16.068970,16.408026
55,2,15.317000,16.410000
55,2,15.389000,16.120001
56,3,14.024458,15.827219
56,3,15.134036,16.355560
56,3,15.317000,16.410000
57,2,14.024458,15.827219
57,2,13.394644,17.119888
58,3,15.389000,16.120001
58,3,15.510000,15.752000
58,3,15.607000,15.622000
59,2,13.580373,15.604233
59,2,14.024458,15.827219
60,2,14.443000,15.010000
60,2,14.024458,15.827219
61,2,12.244754,16.909929
61,2,11.599876,18.588308
62,2,19.527250,17.264149
62,2,19.541317,16.768265
63,2,19.353001,17.184000
63,2,19.541317,16.768265
64,2,11.165000,16.709999
64,2,12.244754,16.909929
65,2,3.733000,17.621000
65,2,4.244317,16.701851
66,2,8.146000,16.990999
66,2,7.185639,16.684439
67,2,7.185639,16.684439
67,2,6.994010,17.399340
68,2,10.828919,16.646425
68,2,11.165000,16.709999
69,2,4.292713,16.614855
69,2,5.402715,16.937210
70,2,4.244317,16.701851
70,2,4.292713,16.614855
71,2,17.174000,17.865999
71,2,17.743000,16.587000
72,2,10.319188,16.550005
72,2,10.828919,16.646425
73,2,9.682715,18.209238
73,2,10.319188,16.550005
74,2,19.541317,16.768265
74,2,19.547871,16.537224
75,2,15.600000,17.525000
75,2,16.068970,16.408026
76,2,9.474607,16.390245
76,2,10.319188,16.550005
77,2,9.337053,16.969940
77,2,9.474607,16.390245
78,2,4.244317,16.701851
78,2,3.427296,16.384598
79,2,3.427296,16.384598
79,2,3.405966,17.535513
80,2,9.089048,16.317312
80,2,9.474607,16.390245
81,2,9.030109,16.306164
81,2,9.089048,16.317312
82,2,8.824000,17.195999
82,2,9.030109,16.306164
83,2,8.371000,16.174999
83,2,9.030109,16.306164
84,2,8.193000,17.014999
84,2,8.371000,16.174999
85,2,18.735166,16.149874
85,2,19.547871,16.537224
86,3,18.735166,16.149874
86,3,18.393999,16.875999
86,3,17.743000,16.587000
87,2,7.868000,16.077999
87,2,8.371000,16.174999
88,2,3.518651,16.032574
88,2,3.944000,16.159000
89,2,3.427296,16.384598
89,2,3.518651,16.032574
90,2,7.375000,15.978000
90,2,7.868000,16.077999
91,2,7.375000,15.978000
91,2,7.185639,16.684439
92,2,16.068970,16.408026
92,2,16.269764,15.929779
93,2,10.828919,16.646425
93,2,11.026000,15.859000
94,2,6.632517,15.821804
94,2,7.375000,15.978000
95,2,5.699953,15.625621
95,2,6.632517,15.821804
96,2,5.402715,16.937210
96,2,5.699953,15.625621
97,2,15.607000,15.622000
97,2,16.269764,15.929779
98,3,17.743000,16.587000
98,3,17.099001,16.254999
98,3,17.421434,15.542147
99,2,5.025000,15.516000
99,2,5.699953,15.625621
100,2,4.909786,15.490179
100,2,5.025000,15.516000
101,2,4.292713,16.614855
101,2,4.909786,15.490179
102,3,18.906950,15.376115
102,3,19.063999,15.450000
102,3,18.735166,16.149874
103,2,13.088000,15.357000
103,2,13.580373,15.604233
104,2,12.306203,16.921307
104,2,13.088000,15.357000
105,2,15.607000,15.622000
105,2,15.693897,15.339583
106,2,10.264000,15.670000
106,2,9.491089,15.320778
107,2,9.089048,16.317312
107,2,9.491089,15.320778
108,3,13.580373,15.604233
108,3,13.670000,15.389000
108,3,13.560000,15.315000
109,2,3.721000,15.248000
109,2,4.909786,15.490179
110,2,3.518651,16.032574
110,2,3.721000,15.248000
111,2,16.588133,15.171498
111,2,17.421434,15.542147
112,2,16.269764,15.929779
112,2,16.588133,15.171498
113,2,3.449828,15.168837
113,2,3.721000,15.248000
114,2,3.449828,15.168837
114,2,3.427296,16.384598
115,2,18.402319,15.138709
115,2,18.906950,15.376115
116,2,9.059054,15.125573
116,2,9.491089,15.320778
117,2,9.059054,15.125573
117,2,8.784000,15.772000
118,2,13.088000,15.357000
118,2,12.214000,14.909000
119,2,17.894649,14.899875
119,2,18.402319,15.138709
120,3,15.693897,15.339583
120,3,15.847000,14.842000
120,3,16.588133,15.171498
121,3,17.421434,15.542147
121,3,17.744000,14.829000
121,3,17.894649,14.899875
122,3,11.800000,14.811000
122,3,11.450000,15.614000
122,3,11.165000,16.709999
123,2,14.546942,14.806229
123,2,15.693897,15.339583
124,2,14.443000,15.010000
124,2,14.546942,14.806229
125,2,13.933937,14.747953
125,2,14.443000,15.010000
126,5,7.868000,16.077999
126,5,7.983000,15.222000
126,5,7.953000,15.141000
126,5,8.157000,14.718000
126,5,9.059054,15.125573
127,3,16.588133,15.171498
127,3,16.653000,15.017000
127,3,16.862610,14.545605
128,2,13.501780,14.525491
128,2,13.933937,14.747953
129,2,13.501780,14.525491
129,2,13.088000,15.357000
130,3,7.235000,14.425000
130,3,6.796000,15.297000
130,3,6.632517,15.821804
131,3,6.012208,14.371027
131,3,5.958000,14.593000
131,3,5.699953,15.625621
132,2,5.357000,14.215000
132,2,6.012208,14.371027
133,4,5.025000,15.516000
133,4,5.130000,14.950000
133,4,5.203000,14.957000
133,4,5.357000,14.215000
134,2,12.689000,14.115000
134,2,13.501780,14.525491
135,2,10.037707,14.051789
135,2,11.800000,14.811000
136,2,9.491089,15.320778
136,2,10.037707,14.051789
137,4,15.864000,13.981000
137,4,15.971000,14.057000
137,4,15.947000,14.103000
137,4,16.862610,14.545605
138,3,15.539000,14.110000
138,3,15.737001,14.214000
138,3,15.864000,13.981000
139,2,12.207727,13.860087
139,2,12.689000,14.115000
140,2,11.800000,14.811000
140,2,12.207727,13.860087
141,2,15.573000,13.840000
141,2,15.864000,13.981000
142,2,19.547871,16.537224
142,2,19.624619,13.831727
143,2,18.906950,15.376115
143,2,19.624619,13.831727
144,2,6.148649,13.812314
144,2,7.235000,14.425000
145,2,6.148649,13.812314
145,2,6.012208,14.371027
146,2,16.862610,14.545605
146,2,17.194000,13.803000
147,2,19.624619,13.831727
147,2,19.627258,13.738689
148,2,11.784000,13.635000
148,2,12.207727,13.860087
149,2,15.148578,13.626764
149,2,15.573000,13.840000
150,2,14.546942,14.806229
150,2,15.148578,13.626764
151,2,8.896467,13.560133
151,2,10.037707,14.051789
152,2,14.043000,13.508000
152,2,13.501780,14.525491
153,3,13.933937,14.747953
153,3,14.324000,14.017000
153,3,14.551000,13.501000
154,2,19.146000,13.476000
154,2,19.627258,13.738689
155,3,18.402319,15.138709
155,3,19.002001,13.788000
155,3,19.146000,13.476000
156,2,15.148578,13.626764
156,2,15.277000,13.375000
157,2,18.665047,13.190673
157,2,19.146000,13.476000
158,3,17.894649,14.899875
158,3,18.361000,13.867000
158,3,18.665047,13.190673
159,2,13.379000,13.164000
159,2,14.043000,13.508000
160,5,12.689000,14.115000
160,5,12.782000,13.936000
160,5,12.942000,13.597000
160,5,13.103000,13.675000
160,5,13.379000,13.164000
161,2,7.912320,13.136154
161,2,8.896467,13.560133
162,2,7.912320,13.136154
162,2,7.235000,14.425000
163,3,15.573000,13.840000
163,3,15.819000,13.322000
163,3,15.456559,13.130983
164,2,15.277000,13.375000
164,2,15.456559,13.130983
165,2,14.809101,13.106781
165,2,15.277000,13.375000
166,3,6.469632,13.026971
166,3,6.232000,13.471000
166,3,6.148649,13.812314
167,2,13.379000,13.164000
167,2,13.085000,13.003000
168,2,14.363915,12.851582
168,2,14.809101,13.106781
169,2,14.363915,12.851582
169,2,14.043000,13.508000
170,2,8.896467,13.560133
170,2,8.938605,12.831830
171,2,14.417000,12.743000
171,2,14.363915,12.851582
172,2,7.208197,12.739539
172,2,7.912320,13.136154
173,2,18.665047,13.190673
173,2,17.706514,12.645001
174,3,17.194000,13.803000
174,3,17.577000,12.939000
174,3,17.706514,12.645001
175,2,5.187436,12.609917
175,2,6.469632,13.026971
176,2,6.758898,12.486461
176,2,7.208197,12.739539
177,2,6.758898,12.486461
177,2,6.469632,13.026971
178,2,13.911000,12.479000
178,2,14.417000,12.743000
179,2,7.417262,12.476289
179,2,7.850664,12.744670
180,2,7.417262,12.476289
180,2,7.208197,12.739539
181,2,9.097200,12.385080
181,2,9.553449,12.726780
182,3,8.938605,12.831830
182,3,8.924474,12.635950
182,3,9.097200,12.385080
183,2,4.250000,12.305000
183,2,5.187436,12.609917
184,3,5.357000,14.215000
184,3,3.769000,13.705000
184,3,4.250000,12.305000
185,2,9.553449,12.726780
185,2,9.858289,12.290960
186,2,14.417000,12.743000
186,2,14.706000,12.250000
187,2,13.396684,12.204206
187,2,13.911000,12.479000
188,2,15.456559,13.130983
188,2,15.877262,12.135181
189,5,16.941999,12.118000
189,5,16.490000,13.016000
189,5,16.436001,13.024000
189,5,16.271000,13.405000
189,5,17.194000,13.803000
190,2,8.938605,12.831830
190,2,7.751760,12.055098
191,2,7.751760,12.055098
191,2,7.417262,12.476289
192,2,17.706514,12.645001
192,2,17.969688,12.047589
193,2,13.007000,11.996000
193,2,13.396684,12.204206
194,2,12.207727,13.860087
194,2,13.007000,11.996000
195,2,9.858289,12.290960
195,2,10.054580,11.990703
196,2,14.191000,11.970000
196,2,14.706000,12.250000
197,2,13.911000,12.479000
197,2,14.191000,11.970000
198,6,14.809101,13.106781
198,6,15.275000,12.100000
198,6,15.327000,12.016000
198,6,15.475000,12.050000
198,6,15.522000,11.953000
198,6,15.877262,12.135181
199,2,9.376702,11.945295
199,2,9.858289,12.290960
200,2,9.097200,12.385080
200,2,9.376702,11.945295
201,3,9.553449,12.726780
201,3,10.364760,12.974920
201,3,10.837380,11.924401
202,2,9.376702,11.945295
202,2,9.435947,11.852077
203,2,13.007000,11.996000
203,2,12.653000,11.838000
204,2,15.877262,12.135181
204,2,16.063999,11.717000
205,2,19.627258,13.738689
205,2,19.685106,11.699457
206,2,10.054580,11.990703
206,2,9.558312,11.659541
207,2,9.435947,11.852077
207,2,9.558312,11.659541
208,2,8.083392,11.639760
208,2,9.097200,12.385080
209,2,8.083392,11.639760
209,2,7.751760,12.055098
210,2,17.969688,12.047589
210,2,18.151016,11.635972
211,2,10.321400,11.582560
211,2,10.837380,11.924401
212,2,10.054580,11.990703
212,2,10.321400,11.582560
213,2,19.415922,11.538805
213,2,19.685106,11.699457
214,3,18.665047,13.190673
214,3,18.966999,12.519000
214,3,19.415922,11.538805
215,2,14.191000,11.970000
215,2,14.417000,11.536000
216,2,12.653000,11.838000
216,2,12.032000,11.535000
217,3,12.032000,11.535000
217,3,11.589000,12.483000
217,3,11.805000,12.613000
218,4,9.435947,11.852077
218,4,9.207581,11.691120
218,4,9.082929,11.660720
218,4,8.751305,11.395470
219,2,5.865987,11.328170
219,2,6.758898,12.486461
220,3,5.187436,12.609917
220,3,5.456066,11.636110
220,3,5.865987,11.328170
221,4,15.251330,11.311867
221,4,15.637000,11.518000
221,4,15.807000,11.607000
221,4,16.063999,11.717000
222,2,14.706000,12.250000
222,2,15.251330,11.311867
223,2,7.396000,11.296000
223,2,6.758898,12.486461
224,2,13.860354,11.284219
224,2,13.396684,12.204206
225,2,14.417000,11.536000
225,2,13.892706,11.220030
226,2,13.892706,11.220030
226,2,13.860354,11.284219
227,2,9.838674,11.218400
227,2,10.321400,11.582560
228,2,9.558312,11.659541
228,2,9.838674,11.218400
229,2,7.458901,11.187000
229,2,8.083392,11.639760
230,2,7.396000,11.296000
230,2,7.458901,11.187000
231,2,15.251330,11.311867
231,2,15.356000,11.147000
232,6,16.301762,11.123909
232,6,16.825001,11.495000
232,6,17.143999,11.710000
232,6,17.400000,11.808000
232,6,17.472000,11.807000
232,6,17.969688,12.047589
233,3,16.063999,11.717000
233,3,16.277000,11.189000
233,3,16.301762,11.123909
234,2,12.032000,11.535000
234,2,11.203530,11.110540
235,2,10.837380,11.924401
235,2,11.203530,11.110540
236,2,15.451728,10.967122
236,2,15.836000,11.243000
237,2,15.356000,11.147000
237,2,15.451728,10.967122
238,3,18.459528,10.935644
238,3,18.808001,11.154000
238,3,19.415922,11.538805
239,2,18.151016,11.635972
239,2,18.459528,10.935644
240,2,19.685106,11.699457
240,2,19.707737,10.901645
241,2,19.415922,11.538805
241,2,19.707737,10.901645
242,2,13.127135,10.852730
242,2,13.860354,11.284219
243,4,12.653000,11.838000
243,4,12.792000,11.512000
243,4,13.074000,10.959000
243,4,13.127135,10.852730
244,2,15.356000,11.147000
244,2,14.825745,10.850667
245,3,14.417000,11.536000
245,3,14.688000,11.089000
245,3,14.825745,10.850667
246,2,9.351126,10.824618
246,2,9.838674,11.218400
247,2,9.351126,10.824618
247,2,9.045713,11.271150
248,2,19.707737,10.901645
248,2,19.710005,10.821710
249,2,10.321400,11.582560
249,2,10.770360,10.772360
250,2,5.371585,10.686827
250,2,5.865987,11.328170
251,3,4.931337,11.509050
251,3,5.063018,10.876700
251,3,5.371585,10.686827
252,2,15.639725,10.645423
252,2,16.301762,11.123909
253,2,15.451728,10.967122
253,2,15.639725,10.645423
254,2,15.639725,10.645423
254,2,15.596578,10.616633
255,2,10.770360,10.772360
255,2,10.864720,10.599210
256,2,12.641040,10.564431
256,2,13.127135,10.852730
257,2,8.982161,10.533820
257,2,9.351126,10.824618
258,2,8.083392,11.639760
258,2,8.982161,10.533820
259,3,14.825745,10.850667
259,3,14.243000,10.525000
259,3,13.892706,11.220030
260,2,10.350550,10.468673
260,2,10.770360,10.772360
261,2,9.838674,11.218400
261,2,10.350550,10.468673
262,2,12.459426,10.456718
262,2,12.641040,10.564431
263,2,12.251230,10.854240
263,2,12.459426,10.456718
264,2,15.167000,10.330000
264,2,15.596578,10.616633
265,3,14.825745,10.850667
265,3,14.971000,10.593000
265,3,15.167000,10.330000
266,2,5.090163,10.321764
266,2,5.371585,10.686827
267,7,16.648001,10.299000
267,7,16.927999,10.552000
267,7,17.110001,10.697000
267,7,17.268999,10.873000
267,7,17.450001,11.109000
267,7,17.827999,11.390000
267,7,18.151016,11.635972
268,3,16.301762,11.123909
268,3,16.444000,10.750000
268,3,16.648001,10.299000
269,2,15.167000,10.330000
269,2,15.065709,10.267471
270,2,12.105400,10.246750
270,2,12.459426,10.456718
271,2,18.770601,10.230378
271,2,19.710005,10.821710
272,3,18.459528,10.935644
272,3,18.551001,10.728000
272,3,18.770601,10.230378
273,3,5.090163,10.321764
273,3,5.069182,10.410140
273,3,4.307764,10.204000
274,3,4.307764,10.204000
274,3,3.743839,12.012530
274,3,4.250000,12.305000
275,2,11.828261,10.061555
275,2,12.105400,10.246750
276,3,11.203530,11.110540
276,3,11.559840,10.459440
276,3,11.828261,10.061555
277,2,15.065709,10.267471
277,2,15.225000,10.059000
278,2,16.648001,10.299000
278,2,16.945999,10.039000
279,2,7.458901,11.187000
279,2,8.135037,10.015353
280,2,19.710005,10.821710
280,2,19.734232,9.967659
281,4,17.028000,9.955000
281,4,17.229000,10.125000
281,4,17.643000,10.424000
281,4,18.459528,10.935644
282,2,16.945999,10.039000
282,2,17.028000,9.955000
283,2,15.065709,10.267471
283,2,14.532000,9.938000
284,2,4.307764,10.204000
284,2,3.547796,9.882741
285,2,3.547796,9.882741
285,2,3.449828,15.168837
286,2,16.021000,9.828000
286,2,16.648001,10.299000
287,2,15.596578,10.616633
287,2,16.021000,9.828000
288,2,8.982161,10.533820
288,2,9.563040,9.812867
289,2,11.828261,10.061555
289,2,11.489150,9.810339
290,2,15.225000,10.059000
290,2,14.846000,9.784000
291,2,17.028000,9.955000
291,2,17.216999,9.726000
292,2,15.785309,9.656731
292,2,16.021000,9.828000
293,2,15.785309,9.656731
293,2,15.546000,10.027000
294,2,19.065437,9.562274
294,2,19.734232,9.967659
295,2,18.770601,10.230378
295,2,19.065437,9.562274
296,3,15.602570,9.508377
296,3,15.721000,9.610000
296,3,15.785309,9.656731
297,2,15.225000,10.059000
297,2,15.602570,9.508377
298,2,6.053202,9.490079
298,2,7.396000,11.296000
299,4,6.053202,9.490079
299,4,5.259616,10.097850
299,4,5.105005,10.259250
299,4,5.090163,10.321764
300,2,11.489150,9.810339
300,2,11.031940,9.470660
301,2,10.350550,10.468673
301,2,11.031940,9.470660
302,2,16.316999,9.469000
302,2,16.945999,10.039000
303,2,16.021000,9.828000
303,2,16.316999,9.469000
304,2,15.362267,9.302178
304,2,15.602570,9.508377
305,2,8.135037,10.015353
305,2,6.772264,9.173135
306,2,8.626806,9.163188
306,2,9.563040,9.812867
307,2,8.135037,10.015353
307,2,8.626806,9.163188
308,2,11.031940,9.470660
308,2,10.616075,9.158996
309,2,10.616075,9.158996
309,2,9.662643,10.411370
310,2,19.065437,9.562274
310,2,19.306292,9.090313
311,2,17.216999,9.726000
311,2,16.552000,9.088000
312,2,16.412001,9.285000
312,2,16.552000,9.088000
313,2,8.626806,9.163188
313,2,8.702112,9.062371
314,2,6.544517,9.043814
314,2,6.053202,9.490079
315,2,12.026442,9.023179
315,2,11.489150,9.810339
316,3,14.992694,8.988117
316,3,15.262999,9.217000
316,3,15.362267,9.302178
317,4,14.992694,8.988117
317,4,14.678000,9.380000
317,4,14.462000,9.646000
317,4,14.020001,10.426000
318,2,10.616075,9.158996
318,2,10.287982,8.913111
319,2,9.563040,9.812867
319,2,10.287982,8.913111
320,2,16.316999,9.469000
320,2,15.733000,8.885000
321,2,15.733000,8.885000
321,2,15.362267,9.302178
322,3,14.731224,8.749929
322,3,14.878000,8.891000
322,3,14.992694,8.988117
323,2,19.065437,9.562274
323,2,17.906000,8.722000
324,2,17.216999,9.726000
324,2,17.906000,8.722000
325,2,14.685228,8.705722
325,2,14.731224,8.749929
326,5,13.127135,10.852730
326,5,13.160000,10.787000
326,5,13.789000,9.860000
326,5,14.289000,9.192000
326,5,14.685228,8.705722
327,2,16.552000,9.088000
327,2,16.758667,8.698886
328,2,10.287982,8.913111
328,2,9.882827,8.597547
329,2,16.758667,8.698886
329,2,16.886229,8.458713
330,2,11.149491,8.376663
330,2,12.026442,9.023179
331,2,11.149491,8.376663
331,2,10.616075,9.158996
332,6,15.733000,8.885000
332,6,15.682000,8.790000
332,6,15.642000,8.753000
332,6,15.493000,8.642000
332,6,15.389000,8.543000
332,6,15.110000,8.318000
333,2,14.731224,8.749929
333,2,15.110000,8.318000
334,5,18.112202,8.280227
334,5,18.409000,8.479999
334,5,18.695000,8.692000
334,5,18.900000,8.842000
334,5,19.306292,9.090313
335,2,17.906000,8.722000
335,2,18.112202,8.280227
336,3,9.882827,8.597547
336,3,9.725832,8.475268
336,3,9.163694,8.227525
337,3,8.702112,9.062371
337,3,9.067184,8.400076
337,3,9.163694,8.227525
338,2,16.886229,8.458713
338,2,16.503000,8.204000
339,2,15.110000,8.318000
339,2,15.200890,8.201826
340,3,14.137084,8.186931
340,3,14.415000,8.446000
340,3,14.685228,8.705722
341,4,12.641040,10.564431
341,4,13.395220,9.188612
341,4,13.784790,8.644908
341,4,14.137084,8.186931
342,2,12.653028,8.105197
342,2,12.026442,9.023179
343,2,5.022322,8.103656
343,2,6.053202,9.490079
344,2,5.022322,8.103656
344,2,4.307764,10.204000
345,2,17.080999,8.092000
345,2,17.906000,8.722000
346,2,16.886229,8.458713
346,2,17.080999,8.092000
347,2,9.163694,8.227525
347,2,9.248367,8.087018
348,2,3.581407,8.069221
348,2,3.547796,9.882741
349,2,7.043314,7.997945
349,2,8.702112,9.062371
350,2,9.018537,7.980501
350,2,9.248367,8.087018
351,2,9.248367,8.087018
351,2,9.363705,7.879882
352,3,18.327755,7.818418
352,3,19.555000,8.610000
352,3,19.306292,9.090313
353,2,18.112202,8.280227
353,2,18.327755,7.818418
354,3,7.043314,7.997945
354,3,6.886043,8.260903
354,3,6.185244,7.799246
355,2,15.527000,7.785000
355,2,16.758667,8.698886
356,2,15.200890,8.201826
356,2,15.527000,7.785000
357,2,13.673938,7.755192
357,2,14.137084,8.186931
358,3,12.105400,10.246750
358,3,12.739500,9.015268
358,3,13.673938,7.755192
359,2,15.527000,7.785000
359,2,15.561000,7.744000
360,2,19.734232,9.967659
360,2,19.797392,7.741153
361,3,15.319000,7.527000
361,3,15.274000,7.579000
361,3,15.561000,7.744000
362,2,8.206578,7.521406
362,2,9.018537,7.980501
363,4,14.165000,7.515000
363,4,14.425000,7.800000
363,4,14.560000,7.655000
363,4,15.200890,8.201826
364,2,14.962000,7.507000
364,2,15.264000,7.761000
365,3,15.095000,7.912000
365,3,14.835000,7.653000
365,3,14.962000,7.507000
366,2,18.327755,7.818418
366,2,18.506000,7.472000
367,2,8.591556,7.471250
367,2,9.363705,7.879882
368,2,11.789455,7.438065
368,2,12.653028,8.105197
369,2,11.789455,7.438065
369,2,11.149491,8.376663
370,2,19.295521,7.436564
370,2,19.797392,7.741153
371,2,9.882827,8.597547
371,2,10.639380,7.406045
372,2,15.102000,7.328000
372,2,15.319000,7.527000
373,2,14.962000,7.507000
373,2,15.102000,7.328000
374,3,13.194157,7.312414
374,3,13.486000,7.580000
374,3,13.673938,7.755192
375,2,13.194157,7.312414
375,2,12.653028,8.105197
376,2,15.319000,7.527000
376,2,15.496000,7.312000
377,2,8.238341,7.225465
377,2,8.591556,7.471250
378,2,12.038810,7.088271
378,2,11.789455,7.438065
379,2,17.576439,7.071709
379,2,18.506000,7.472000
380,3,17.080999,8.092000
380,3,17.371000,7.468000
380,3,17.576439,7.071709
381,2,4.253000,7.069000
381,2,5.022322,8.103656
382,2,4.253000,7.069000
382,2,3.581407,8.069221
383,2,18.680275,7.063167
383,2,19.295521,7.436564
384,2,18.506000,7.472000
384,2,18.680275,7.063167
385,6,6.185244,7.799246
385,6,5.666090,7.414833
385,6,5.597489,7.339210
385,6,5.609522,7.245870
385,6,5.587559,7.200290
385,6,5.360157,7.039935
386,3,15.561000,7.744000
386,3,15.700000,7.394000
386,3,15.864000,7.007000
387,2,10.639380,7.406045
387,2,9.874142,6.963184
388,2,9.363705,7.879882
388,2,9.874142,6.963184
389,2,6.729623,6.961010
389,2,6.185244,7.799246
390,3,15.864000,7.007000
390,3,15.446000,6.927000
390,3,15.317000,7.102000
391,2,13.543930,6.859402
391,2,13.935000,7.189000
392,2,13.543930,6.859402
392,2,13.194157,7.312414
393,3,11.532620,6.986843
393,3,11.660910,6.809978
393,3,12.038810,7.088271
394,3,15.935931,6.781659
394,3,16.301001,7.006000
394,3,16.822001,7.325000
395,2,15.864000,7.007000
395,2,15.935931,6.781659
396,2,4.253000,7.069000
396,2,3.608146,6.626424
397,2,3.608146,6.626424
397,2,3.581407,8.069221
398,3,15.935931,6.781659
398,3,15.977000,6.653000
398,3,16.000624,6.598434
399,3,12.383676,6.571151
399,3,12.716000,6.874000
399,3,13.194157,7.312414
400,2,12.383676,6.571151
400,2,12.038810,7.088271
401,2,9.874142,6.963184
401,2,9.169623,6.477379
402,2,9.169623,6.477379
402,2,8.591556,7.471250
403,2,16.000624,6.598434
403,2,14.981000,6.473000
404,6,14.055000,6.835000
404,6,14.585000,7.260000
404,6,14.754000,7.066000
404,6,14.830000,7.030000
404,6,14.928000,6.912000
404,6,14.981000,6.473000
405,2,19.797392,7.741153
405,2,19.833462,6.469616
406,2,19.295521,7.436564
406,2,19.833462,6.469616
407,2,5.854766,6.449976
407,2,6.729623,6.961010
408,2,9.874142,6.963184
408,2,10.198932,6.379891
409,2,9.169623,6.477379
409,2,8.980356,6.369051
410,2,13.955000,6.327000
410,2,14.981000,6.473000
411,2,13.955000,6.327000
411,2,13.543930,6.859402
412,2,8.980356,6.369051
412,2,8.905243,6.316586
413,2,9.976496,6.252053
413,2,10.198932,6.379891
414,2,19.833462,6.469616
414,2,19.069918,6.094747
415,4,18.680275,7.063167
415,4,18.924000,6.541000
415,4,19.054001,6.172000
415,4,19.069918,6.094747
416,3,16.000624,6.598434
416,3,16.119000,6.325000
416,3,16.221251,6.089315
417,2,8.980356,6.369051
417,2,9.171107,6.071761
418,2,9.606448,6.038558
418,2,9.976496,6.252053
419,3,19.833462,6.469616
419,3,19.836275,6.370433
419,3,19.845842,6.033194
420,2,15.571000,5.992000
420,2,16.221251,6.089315
421,2,11.689214,5.932778
421,2,12.383676,6.571151
422,3,10.639380,7.406045
422,3,11.163850,6.572234
422,3,11.689214,5.932778
423,2,11.689214,5.932778
423,2,11.545000,5.951000
424,2,4.967817,5.922827
424,2,5.854766,6.449976
425,2,4.967817,5.922827
425,2,4.253000,7.069000
426,3,19.069918,6.094747
426,3,19.094999,5.973000
426,3,19.099001,5.839000
427,2,12.624683,5.814575
427,2,12.383676,6.571151
428,2,12.624683,5.814575
428,2,11.689214,5.932778
429,3,12.938085,5.774405
429,3,12.953000,6.199000
429,3,13.135000,6.374000
430,3,12.938085,5.774405
430,3,12.835000,5.788000
430,3,12.624683,5.814575
431,2,19.261999,5.700000
431,2,19.845842,6.033194
432,2,19.099001,5.839000
432,2,19.261999,5.700000
433,2,19.099001,5.839000
433,2,18.324631,5.646438
434,3,17.576439,7.071709
434,3,17.864000,6.517000
434,3,18.324631,5.646438
435,2,11.545000,5.951000
435,2,10.609724,5.641516
436,2,10.198932,6.379891
436,2,10.609724,5.641516
437,2,18.324631,5.646438
437,2,18.114000,5.597000
438,3,14.488000,5.570000
438,3,14.238000,5.984000
438,3,13.955000,6.327000
439,2,14.488000,5.570000
439,2,12.938085,5.774405
440,2,5.233915,5.511199
440,2,4.967817,5.922827
441,2,18.114000,5.597000
441,2,17.603445,5.467101
442,2,17.603445,5.467101
442,2,16.980000,6.703000
443,2,17.603445,5.467101
443,2,17.482000,5.439000
444,3,14.900659,5.418766
444,3,14.589000,5.535000
444,3,14.488000,5.570000
445,2,10.609724,5.641516
445,2,9.664099,5.328606
446,4,17.482000,5.439000
446,4,17.032000,5.325000
446,4,16.893000,5.282000
446,4,16.636023,5.190371
447,4,16.221251,6.089315
447,4,16.260000,6.000000
447,4,16.492001,5.542000
447,4,16.636023,5.190371
448,2,19.261999,5.700000
448,2,19.548803,5.147237
449,8,16.636023,5.190371
449,8,16.509001,5.133000
449,8,16.367001,5.114000
449,8,16.200001,5.100000
449,8,16.014000,5.123000
449,8,15.696000,5.202000
449,8,15.077000,5.353000
449,8,14.900659,5.418766
450,3,9.664099,5.328606
450,3,8.940000,5.089000
450,3,8.783585,5.088188
451,2,8.783585,5.088188
451,2,7.043314,7.997945
452,2,16.636023,5.190371
452,2,16.680000,5.083000
453,2,14.661000,5.055000
453,2,14.900659,5.418766
454,2,4.526501,5.037122
454,2,5.233915,5.511199
455,7,10.609724,5.641516
455,7,10.633160,5.593521
455,7,10.703460,5.464922
455,7,10.790000,5.347992
455,7,10.922360,5.222088
455,7,11.104450,5.083125
455,7,11.345040,4.967951
456,2,6.788403,4.939007
456,2,5.854766,6.449976
457,3,8.783585,5.088188
457,3,8.555000,5.087000
457,3,8.023642,4.752024
458,2,8.023642,4.752024
458,2,6.729623,6.961010
459,5,6.788403,4.939007
459,5,6.273805,4.647501
459,5,6.029461,4.916895
459,5,5.777311,5.195462
459,5,5.552656,5.497470
460,2,16.680000,5.083000
460,2,15.779610,4.626607
461,2,18.710234,4.597402
461,2,19.548803,5.147237
462,2,18.710234,4.597402
462,2,18.114000,5.597000
463,11,13.198000,4.573000
463,11,13.393000,4.615000
463,11,13.556000,4.647000
463,11,13.699000,4.689000
463,11,13.809000,4.725000
463,11,13.953000,4.779000
463,11,14.112001,4.854000
463,11,14.272000,4.920000
463,11,14.415000,4.978000
463,11,14.486000,5.013000
463,11,14.661000,5.055000
464,2,13.198000,4.573000
464,2,12.624683,5.814575
465,2,19.845842,6.033194
465,2,19.887688,4.558067
466,2,19.548803,5.147237
466,2,19.887688,4.558067
467,2,3.699179,4.482688
467,2,4.526501,5.037122
468,2,3.648506,4.448730
468,2,3.699179,4.482688
469,2,3.648506,4.448730
469,2,3.608146,6.626424
470,3,16.680000,5.083000
470,3,16.886000,5.138000
470,3,17.434999,4.319000
471,2,15.779610,4.626607
471,2,15.082000,4.273000
472,2,14.661000,5.055000
472,2,15.082000,4.273000
473,3,17.464460,4.252159
473,3,18.023001,4.614000
473,3,17.482000,5.439000
474,2,17.434999,4.319000
474,2,17.464460,4.252159
475,2,8.023642,4.752024
475,2,7.217832,4.244032
476,2,7.217832,4.244032
476,2,6.788403,4.939007
477,2,17.464460,4.252159
477,2,17.594999,4.074000
478,2,19.051333,4.025542
478,2,19.887688,4.558067
479,2,19.051333,4.025542
479,2,18.710234,4.597402
480,2,7.217832,4.244032
480,2,6.569000,3.835000
481,2,6.569000,3.835000
481,2,5.233915,5.511199
482,2,16.549000,3.805000
482,2,17.434999,4.319000
483,4,19.887688,4.558067
483,4,19.889608,4.490394
483,4,19.912001,3.701000
483,4,19.256138,3.682181
484,2,19.256138,3.682181
484,2,19.051333,4.025542
485,2,16.356924,3.681059
485,2,16.549000,3.805000
486,2,16.356924,3.681059
486,2,15.779610,4.626607
487,2,19.256138,3.682181
487,2,18.499432,3.660470
488,2,18.499432,3.660470
488,2,19.051333,4.025542
489,2,18.499432,3.660470
489,2,17.863302,3.642217
490,2,17.594999,4.074000
490,2,17.863302,3.642217
491,2,17.863302,3.642217
491,2,16.807991,3.611937
492,2,16.807991,3.611937
492,2,17.594999,4.074000
493,3,16.807991,3.611937
493,3,16.756184,3.610451
493,3,16.670309,3.607987
494,2,16.549000,3.805000
494,2,16.670309,3.607987
495,2,16.670309,3.607987
495,2,16.211174,3.594813
496,2,16.211174,3.594813
496,2,16.356924,3.681059
497,2,11.625114,3.570999
497,2,11.969459,3.751684
498,2,16.211174,3.594813
498,2,15.475515,3.570922
499,2,15.475515,3.570922
499,2,15.082000,4.273000
500,2,15.475515,3.570922
500,2,13.692000,3.513000
501,2,15.082000,4.273000
501,2,13.692000,3.513000
502,2,13.692000,3.513000
502,2,13.198000,4.573000
503,2,13.692000,3.513000
503,2,12.124517,3.475479
504,2,11.969459,3.751684
504,2,12.124517,3.475479
505,2,12.124517,3.475479
505,2,11.687999,3.465030
506,2,11.625114,3.570999
506,2,11.687999,3.465030
507,2,11.687999,3.465030
507,2,10.784189,3.439097
508,2,9.664099,5.328606
508,2,10.784189,3.439097
509,2,10.784189,3.439097
509,2,9.782852,3.410366
510,2,9.782852,3.410366
510,2,8.783585,5.088188
511,2,9.782852,3.410366
511,2,7.799261,3.353451
512,2,7.217832,4.244032
512,2,7.799261,3.353451
513,2,7.799261,3.353451
513,2,6.963570,3.329473
514,2,6.569000,3.835000
514,2,6.963570,3.329473
515,2,6.963570,3.329473
515,2,5.650495,3.291797
516,2,4.526501,5.037122
516,2,5.650495,3.291797
517,2,5.650495,3.291797
517,2,4.501800,3.258838
518,2,3.699179,4.482688
518,2,4.501800,3.258838
519,3,4.501800,3.258838
519,3,3.671000,3.235000
519,3,3.648506,4.448730
520,3,11.744800,4.812386
520,3,11.878460,5.174901
520,3,11.545000,5.951000
521,2,11.744800,4.812386
521,2,11.721554,4.758741
522,3,11.345040,4.967951
522,3,11.541060,4.825691
522,3,11.721554,4.758741
523,4,11.721554,4.758741
523,4,11.912460,4.700752
523,4,12.102130,4.636698
523,4,12.236754,4.603764
524,7,12.236754,4.603764
524,7,12.308090,4.586313
524,7,12.464760,4.569997
524,7,12.787540,4.558186
524,7,12.998420,4.551736
524,7,13.110780,4.568385
524,7,13.198000,4.573000
525,2,12.328902,3.895450
525,2,12.455760,3.953624
526,3,12.236754,4.603764
526,3,12.168980,4.249937
526,3,12.328902,3.895450
527,2,11.969459,3.751684
527,2,12.328902,3.895450
528,3,11.345040,4.967951
528,3,11.080900,4.488077
528,3,11.625114,3.570999
