condition,hour,od,sd
control,0,0.297,0.034
control,1,0.41,0.04
control,2,0.487,0.047
control,3,0.715,0.056
control,4,0.934,0.066
control,5,1.114,0.075
control,6,1.202,0.083
control,7,1.332,0.089
control,8,1.469,0.093
control,9,1.444,0.096
control,10,1.538,0.097
control,11,1.476,0.099
control,12,1.588,0.099
low dose,0,0.199,0.031
low dose,1,0.294,0.035
low dose,2,0.412,0.039
low dose,3,0.525,0.044
low dose,4,0.644,0.05
low dose,5,0.678,0.057
low dose,6,0.875,0.063
low dose,7,0.935,0.068
low dose,8,0.986,0.072
low dose,9,1.116,0.075
low dose,10,1.189,0.078
low dose,11,1.294,0.079
low dose,12,1.199,0.081
high dose,0,0.145,0.026
high dose,1,0.089,0.027
high dose,2,0.172,0.029
high dose,3,0.214,0.031
high dose,4,0.245,0.033
high dose,5,0.327,0.035
high dose,6,0.348,0.038
high dose,7,0.428,0.04
high dose,8,0.474,0.042
high dose,9,0.457,0.044
high dose,10,0.511,0.046
high dose,11,0.538,0.047
high dose,12,0.554,0.048
