time_ms,minus_V_mV_6uA_cm2,minus_V_mV_12uA_cm2,minus_V_mV_14uA_cm2,minus_V_mV_25uA_cm2
0.00,0.0000,0.0000,0.0000,0.0000
0.01,0.0598,0.1196,0.1395,0.2492
0.02,0.1192,0.2384,0.2781,0.4967
0.03,0.1782,0.3565,0.4159,0.7426
0.04,0.2369,0.4738,0.5527,0.9870
0.05,0.2952,0.5904,0.6887,1.2299
0.06,0.3531,0.7062,0.8239,1.4713
0.07,0.4107,0.8214,0.9584,1.7113
0.08,0.4680,0.9360,1.0920,1.9500
0.09,0.5250,1.0499,1.2249,2.1873
0.10,0.5816,1.1632,1.3570,2.4233
0.11,0.6379,1.2759,1.4885,2.6581
0.12,0.6940,1.3879,1.6193,2.8917
0.13,0.7497,1.4995,1.7494,3.1241
0.14,0.8052,1.6104,1.8789,3.3554
0.15,0.8604,1.7209,2.0077,3.5856
0.16,0.9153,1.8308,2.1359,3.8148
0.17,0.9700,1.9402,2.2636,4.0430
0.18,1.0244,2.0491,2.3907,4.2702
0.19,1.0786,2.1575,2.5172,4.4966
0.20,1.1325,2.2655,2.6433,4.7221
0.21,1.1862,2.3730,2.7688,4.9468
0.22,1.2397,2.4801,2.8938,5.1708
0.23,1.2930,2.5868,3.0184,5.3941
0.24,1.3460,2.6932,3.1425,5.6168
0.25,1.3988,2.7991,3.2662,5.8389
0.26,1.4515,2.9046,3.3895,6.0605
0.27,1.5039,3.0099,3.5124,6.2816
0.28,1.5561,3.1147,3.6349,6.5024
0.29,1.6082,3.2193,3.7571,6.7228
0.30,1.6600,3.3236,3.8790,6.9430
0.31,1.7117,3.4276,4.0006,7.1631
0.32,1.7632,3.5313,4.1219,7.3830
0.33,1.8146,3.6348,4.2429,7.6030
0.34,1.8658,3.7380,4.3637,7.8230
0.35,1.9168,3.8410,4.4843,8.0432
0.36,1.9677,3.9438,4.6047,8.2637
0.37,2.0184,4.0464,4.7250,8.4845
0.38,2.0690,4.1489,4.8451,8.7058
0.39,2.1194,4.2512,4.9651,8.9277
0.40,2.1697,4.3534,5.0850,9.1502
0.41,2.2199,4.4555,5.2049,9.3736
0.42,2.2700,4.5575,5.3247,9.5979
0.43,2.3199,4.6594,5.4445,9.8232
0.44,2.3697,4.7612,5.5643,10.0497
0.45,2.4194,4.8631,5.6842,10.2776
0.46,2.4690,4.9649,5.8042,10.5070
0.47,2.5185,5.0667,5.9243,10.7380
0.48,2.5679,5.1685,6.0445,10.9709
0.49,2.6172,5.2704,6.1648,11.2057
0.50,2.6654,5.3703,6.2831,11.4386
0.51,2.6548,5.3528,6.2644,11.4289
0.52,2.6444,5.3362,6.2470,11.4237
0.53,2.6344,5.3205,6.2307,11.4228
0.54,2.6246,5.3056,6.2156,11.4262
0.55,2.6152,5.2916,6.2016,11.4339
0.56,2.6059,5.2784,6.1888,11.4459
0.57,2.5970,5.2660,6.1769,11.4622
0.58,2.5883,5.2543,6.1661,11.4828
0.59,2.5798,5.2434,6.1563,11.5076
0.60,2.5716,5.2332,6.1475,11.5366
0.61,2.5635,5.2236,6.1396,11.5699
0.62,2.5557,5.2147,6.1326,11.6073
0.63,2.5480,5.2064,6.1264,11.6489
0.64,2.5405,5.1988,6.1212,11.6946
0.65,2.5332,5.1917,6.1167,11.7446
0.66,2.5261,5.1851,6.1130,11.7986
0.67,2.5191,5.1791,6.1101,11.8569
0.68,2.5123,5.1737,6.1078,11.9192
0.69,2.5056,5.1687,6.1063,11.9858
0.70,2.4991,5.1641,6.1055,12.0565
0.71,2.4926,5.1600,6.1053,12.1314
0.72,2.4863,5.1564,6.1058,12.2106
0.73,2.4801,5.1531,6.1069,12.2940
0.74,2.4740,5.1503,6.1085,12.3817
0.75,2.4680,5.1478,6.1107,12.4738
0.76,2.4621,5.1457,6.1134,12.5703
0.77,2.4563,5.1439,6.1167,12.6712
0.78,2.4505,5.1424,6.1204,12.7767
0.79,2.4449,5.1413,6.1247,12.8868
0.80,2.4393,5.1404,6.1294,13.0015
0.81,2.4337,5.1398,6.1345,13.1211
0.82,2.4283,5.1395,6.1401,13.2456
0.83,2.4229,5.1394,6.1460,13.3751
0.84,2.4175,5.1396,6.1524,13.5097
0.85,2.4122,5.1400,6.1591,13.6497
0.86,2.4069,5.1406,6.1662,13.7950
0.87,2.4017,5.1414,6.1736,13.9460
0.88,2.3965,5.1424,6.1814,14.1028
0.89,2.3914,5.1435,6.1895,14.2656
0.90,2.3862,5.1449,6.1979,14.4346
0.91,2.3811,5.1464,6.2066,14.6100
0.92,2.3761,5.1480,6.2156,14.7921
0.93,2.3710,5.1498,6.2249,14.9811
0.94,2.3660,5.1517,6.2344,15.1774
0.95,2.3609,5.1538,6.2442,15.3811
0.96,2.3559,5.1559,6.2542,15.5928
0.97,2.3509,5.1582,6.2645,15.8126
0.98,2.3459,5.1605,6.2750,16.0411
0.99,2.3410,5.1630,6.2857,16.2786
1.00,2.3360,5.1655,6.2967,16.5255
1.01,2.3310,5.1682,6.3078,16.7824
1.02,2.3260,5.1708,6.3191,17.0497
1.03,2.3210,5.1736,6.3307,17.3280
1.04,2.3161,5.1764,6.3424,17.6179
1.05,2.3111,5.1793,6.3543,17.9201
1.06,2.3061,5.1822,6.3663,18.2351
1.07,2.3011,5.1852,6.3786,18.5639
1.08,2.2961,5.1882,6.3910,18.9071
1.09,2.2910,5.1913,6.4035,19.2657
1.10,2.2860,5.1943,6.4162,19.6406
1.11,2.2810,5.1974,6.4291,20.0327
1.12,2.2759,5.2006,6.4421,20.4433
1.13,2.2708,5.2037,6.4552,20.8735
1.14,2.2657,5.2068,6.4685,21.3245
1.15,2.2606,5.2100,6.4819,21.7979
1.16,2.2555,5.2132,6.4955,22.2950
1.17,2.2503,5.2164,6.5092,22.8176
1.18,2.2452,5.2195,6.5230,23.3674
1.19,2.2400,5.2227,6.5369,23.9465
1.20,2.2348,5.2259,6.5509,24.5568
1.21,2.2295,5.2290,6.5651,25.2007
1.22,2.2243,5.2322,6.5794,25.8807
1.23,2.2190,5.2353,6.5938,26.5994
1.24,2.2137,5.2384,6.6083,27.3600
1.25,2.2084,5.2415,6.6229,28.1654
1.26,2.2030,5.2445,6.6376,29.0193
1.27,2.1976,5.2476,6.6524,29.9253
1.28,2.1922,5.2506,6.6674,30.8876
1.29,2.1868,5.2536,6.6824,31.9105
1.30,2.1813,5.2565,6.6975,32.9988
1.31,2.1758,5.2594,6.7128,34.1574
1.32,2.1703,5.2623,6.7281,35.3919
1.33,2.1648,5.2651,6.7436,36.7079
1.34,2.1592,5.2679,6.7591,38.1114
1.35,2.1536,5.2707,6.7748,39.6087
1.36,2.1480,5.2734,6.7905,41.2062
1.37,2.1423,5.2761,6.8064,42.9102
1.38,2.1366,5.2787,6.8223,44.7271
1.39,2.1309,5.2813,6.8384,46.6628
1.40,2.1252,5.2838,6.8545,48.7225
1.41,2.1194,5.2863,6.8707,50.9104
1.42,2.1136,5.2887,6.8871,53.2289
1.43,2.1078,5.2911,6.9035,55.6786
1.44,2.1019,5.2934,6.9201,58.2569
1.45,2.0960,5.2956,6.9367,60.9580
1.46,2.0901,5.2978,6.9535,63.7716
1.47,2.0841,5.2999,6.9703,66.6826
1.48,2.0781,5.3020,6.9873,69.6704
1.49,2.0721,5.3040,7.0043,72.7090
1.50,2.0661,5.3060,7.0214,75.7672
1.51,2.0600,5.3078,7.0387,78.8092
1.52,2.0539,5.3096,7.0561,81.7966
1.53,2.0477,5.3114,7.0735,84.6893
1.54,2.0416,5.3131,7.0911,87.4487
1.55,2.0354,5.3147,7.1088,90.0396
1.56,2.0291,5.3162,7.1266,92.4323
1.57,2.0229,5.3177,7.1445,94.6046
1.58,2.0166,5.3190,7.1625,96.5426
1.59,2.0103,5.3204,7.1806,98.2413
1.60,2.0039,5.3216,7.1988,99.7036
1.61,1.9975,5.3228,7.2172,100.9394
1.62,1.9911,5.3238,7.2356,101.9640
1.63,1.9847,5.3249,7.2542,102.7965
1.64,1.9782,5.3258,7.2729,103.4577
1.65,1.9717,5.3266,7.2917,103.9692
1.66,1.9652,5.3274,7.3107,104.3516
1.67,1.9586,5.3281,7.3298,104.6242
1.68,1.9520,5.3287,7.3490,104.8044
1.69,1.9454,5.3292,7.3683,104.9072
1.70,1.9388,5.3296,7.3877,104.9454
1.71,1.9321,5.3300,7.4073,104.9298
1.72,1.9254,5.3302,7.4270,104.8692
1.73,1.9187,5.3304,7.4469,104.7708
1.74,1.9119,5.3305,7.4669,104.6404
1.75,1.9051,5.3305,7.4870,104.4826
1.76,1.8983,5.3304,7.5073,104.3012
1.77,1.8915,5.3302,7.5278,104.0989
1.78,1.8846,5.3299,7.5483,103.8782
1.79,1.8777,5.3295,7.5691,103.6410
1.80,1.8708,5.3291,7.5899,103.3887
1.81,1.8638,5.3285,7.6110,103.1226
1.82,1.8568,5.3279,7.6322,102.8437
1.83,1.8498,5.3271,7.6535,102.5527
1.84,1.8428,5.3262,7.6751,102.2505
1.85,1.8358,5.3253,7.6967,101.9377
1.86,1.8287,5.3242,7.7186,101.6147
1.87,1.8216,5.3231,7.7406,101.2820
1.88,1.8144,5.3218,7.7628,100.9401
1.89,1.8073,5.3205,7.7852,100.5894
1.90,1.8001,5.3190,7.8078,100.2301
1.91,1.7929,5.3175,7.8306,99.8627
1.92,1.7857,5.3158,7.8535,99.4874
1.93,1.7784,5.3141,7.8767,99.1046
1.94,1.7711,5.3122,7.9000,98.7145
1.95,1.7638,5.3102,7.9235,98.3174
1.96,1.7565,5.3081,7.9473,97.9135
1.97,1.7491,5.3059,7.9712,97.5031
1.98,1.7418,5.3036,7.9954,97.0865
1.99,1.7344,5.3012,8.0198,96.6639
2.00,1.7270,5.2987,8.0444,96.2355
2.01,1.7195,5.2961,8.0692,95.8016
2.02,1.7121,5.2933,8.0943,95.3623
2.03,1.7046,5.2905,8.1196,94.9179
2.04,1.6971,5.2875,8.1452,94.4686
2.05,1.6895,5.2844,8.1709,94.0146
2.06,1.6820,5.2812,8.1970,93.5562
2.07,1.6744,5.2779,8.2233,93.0934
2.08,1.6668,5.2744,8.2498,92.6266
2.09,1.6592,5.2709,8.2766,92.1559
2.10,1.6516,5.2672,8.3037,91.6814
2.11,1.6440,5.2634,8.3311,91.2034
2.12,1.6363,5.2595,8.3587,90.7221
2.13,1.6286,5.2555,8.3867,90.2376
2.14,1.6209,5.2513,8.4149,89.7501
2.15,1.6132,5.2470,8.4434,89.2598
2.16,1.6055,5.2426,8.4723,88.7668
2.17,1.5977,5.2381,8.5014,88.2713
2.18,1.5899,5.2334,8.5309,87.7735
2.19,1.5821,5.2287,8.5607,87.2734
2.20,1.5743,5.2238,8.5908,86.7713
2.21,1.5665,5.2187,8.6213,86.2673
2.22,1.5587,5.2136,8.6522,85.7615
2.23,1.5508,5.2083,8.6833,85.2541
2.24,1.5429,5.2029,8.7149,84.7452
2.25,1.5351,5.1973,8.7468,84.2349
2.26,1.5272,5.1917,8.7791,83.7234
2.27,1.5192,5.1858,8.8118,83.2108
2.28,1.5113,5.1799,8.8450,82.6972
2.29,1.5034,5.1738,8.8785,82.1827
2.30,1.4954,5.1676,8.9124,81.6674
2.31,1.4874,5.1613,8.9468,81.1514
2.32,1.4794,5.1548,8.9816,80.6349
2.33,1.4714,5.1482,9.0168,80.1179
2.34,1.4634,5.1414,9.0525,79.6006
2.35,1.4554,5.1345,9.0887,79.0829
2.36,1.4474,5.1275,9.1254,78.5651
2.37,1.4393,5.1204,9.1625,78.0472
2.38,1.4313,5.1131,9.2002,77.5293
2.39,1.4232,5.1056,9.2384,77.0114
2.40,1.4151,5.0980,9.2771,76.4937
2.41,1.4070,5.0903,9.3163,75.9762
2.42,1.3989,5.0824,9.3561,75.4590
2.43,1.3908,5.0744,9.3965,74.9421
2.44,1.3827,5.0663,9.4375,74.4257
2.45,1.3745,5.0580,9.4791,73.9098
2.46,1.3664,5.0495,9.5213,73.3944
2.47,1.3583,5.0410,9.5641,72.8795
2.48,1.3501,5.0322,9.6075,72.3654
2.49,1.3419,5.0233,9.6517,71.8519
2.50,1.3338,5.0143,9.6965,71.3392
2.51,1.3256,5.0052,9.7420,70.8274
2.52,1.3174,4.9958,9.7882,70.3163
2.53,1.3092,4.9864,9.8352,69.8061
2.54,1.3010,4.9768,9.8829,69.2969
2.55,1.2928,4.9670,9.9314,68.7886
2.56,1.2845,4.9571,9.9807,68.2814
2.57,1.2763,4.9470,10.0309,67.7751
2.58,1.2681,4.9368,10.0818,67.2699
2.59,1.2599,4.9264,10.1337,66.7659
2.60,1.2516,4.9159,10.1864,66.2629
2.61,1.2434,4.9052,10.2400,65.7611
2.62,1.2351,4.8944,10.2946,65.2604
2.63,1.2269,4.8835,10.3502,64.7609
2.64,1.2186,4.8723,10.4068,64.2627
2.65,1.2104,4.8610,10.4643,63.7656
2.66,1.2021,4.8496,10.5230,63.2698
2.67,1.1938,4.8380,10.5827,62.7753
2.68,1.1856,4.8263,10.6436,62.2820
2.69,1.1773,4.8144,10.7056,61.7900
2.70,1.1690,4.8023,10.7688,61.2993
2.71,1.1608,4.7901,10.8332,60.8099
2.72,1.1525,4.7778,10.8989,60.3218
2.73,1.1442,4.7652,10.9659,59.8351
2.74,1.1359,4.7526,11.0342,59.3496
2.75,1.1277,4.7397,11.1039,58.8655
2.76,1.1194,4.7267,11.1751,58.3827
2.77,1.1111,4.7136,11.2477,57.9012
2.78,1.1028,4.7003,11.3219,57.4210
2.79,1.0945,4.6869,11.3976,56.9421
2.80,1.0863,4.6732,11.4750,56.4646
2.81,1.0780,4.6595,11.5540,55.9884
2.82,1.0697,4.6455,11.6348,55.5135
2.83,1.0614,4.6315,11.7174,55.0399
2.84,1.0532,4.6172,11.8019,54.5676
2.85,1.0449,4.6028,11.8882,54.0966
2.86,1.0366,4.5883,11.9766,53.6268
2.87,1.0284,4.5735,12.0670,53.1584
2.88,1.0201,4.5587,12.1596,52.6912
2.89,1.0119,4.5437,12.2543,52.2252
2.90,1.0036,4.5285,12.3514,51.7604
2.91,0.9954,4.5131,12.4508,51.2969
2.92,0.9871,4.4976,12.5527,50.8346
2.93,0.9789,4.4820,12.6572,50.3734
2.94,0.9706,4.4662,12.7643,49.9134
2.95,0.9624,4.4502,12.8742,49.4546
2.96,0.9542,4.4341,12.9869,48.9968
2.97,0.9460,4.4178,13.1027,48.5402
2.98,0.9378,4.4014,13.2215,48.0846
2.99,0.9295,4.3848,13.3435,47.6300
3.00,0.9213,4.3681,13.4689,47.1765
3.01,0.9131,4.3512,13.5978,46.7240
3.02,0.9050,4.3341,13.7303,46.2724
3.03,0.8968,4.3170,13.8666,45.8217
3.04,0.8886,4.2996,14.0068,45.3719
3.05,0.8804,4.2821,14.1512,44.9230
3.06,0.8723,4.2645,14.2998,44.4749
3.07,0.8641,4.2466,14.4529,44.0275
3.08,0.8560,4.2287,14.6107,43.5809
3.09,0.8479,4.2106,14.7735,43.1350
3.10,0.8397,4.1923,14.9413,42.6897
3.11,0.8316,4.1739,15.1145,42.2450
3.12,0.8235,4.1554,15.2932,41.8008
3.13,0.8154,4.1367,15.4779,41.3571
3.14,0.8073,4.1178,15.6687,40.9138
3.15,0.7992,4.0989,15.8660,40.4709
3.16,0.7912,4.0797,16.0700,40.0283
3.17,0.7831,4.0604,16.2812,39.5859
3.18,0.7751,4.0410,16.4998,39.1437
3.19,0.7670,4.0215,16.7263,38.7015
3.20,0.7590,4.0018,16.9610,38.2594
3.21,0.7510,3.9819,17.2044,37.8172
3.22,0.7430,3.9619,17.4570,37.3748
3.23,0.7350,3.9418,17.7193,36.9321
3.24,0.7271,3.9215,17.9917,36.4891
3.25,0.7191,3.9011,18.2749,36.0457
3.26,0.7111,3.8806,18.5695,35.6017
3.27,0.7032,3.8599,18.8761,35.1571
3.28,0.6953,3.8391,19.1954,34.7117
3.29,0.6874,3.8182,19.5281,34.2654
3.30,0.6795,3.7971,19.8752,33.8181
3.31,0.6716,3.7759,20.2373,33.3697
3.32,0.6637,3.7546,20.6155,32.9200
3.33,0.6559,3.7331,21.0108,32.4689
3.34,0.6480,3.7116,21.4242,32.0162
3.35,0.6402,3.6899,21.8569,31.5619
3.36,0.6324,3.6680,22.3101,31.1056
3.37,0.6246,3.6461,22.7852,30.6474
3.38,0.6168,3.6240,23.2837,30.1870
3.39,0.6090,3.6018,23.8070,29.7242
3.40,0.6013,3.5795,24.3569,29.2588
3.41,0.5935,3.5571,24.9353,28.7908
3.42,0.5858,3.5345,25.5440,28.3198
3.43,0.5781,3.5119,26.1853,27.8457
3.44,0.5704,3.4891,26.8613,27.3683
3.45,0.5628,3.4662,27.5747,26.8873
3.46,0.5551,3.4432,28.3280,26.4026
3.47,0.5475,3.4201,29.1241,25.9140
3.48,0.5398,3.3969,29.9662,25.4212
3.49,0.5322,3.3736,30.8575,24.9240
3.50,0.5247,3.3502,31.8016,24.4221
3.51,0.5171,3.3266,32.8022,23.9154
3.52,0.5095,3.3030,33.8635,23.4035
3.53,0.5020,3.2793,34.9895,22.8864
3.54,0.4945,3.2555,36.1849,22.3636
3.55,0.4870,3.2316,37.4543,21.8351
3.56,0.4795,3.2076,38.8025,21.3005
3.57,0.4721,3.1835,40.2343,20.7597
3.58,0.4646,3.1593,41.7547,20.2123
3.59,0.4572,3.1351,43.3684,19.6583
3.60,0.4498,3.1107,45.0800,19.0974
3.61,0.4424,3.0863,46.8936,18.5294
3.62,0.4351,3.0617,48.8124,17.9542
3.63,0.4277,3.0371,50.8387,17.3716
3.64,0.4204,3.0125,52.9736,16.7815
3.65,0.4131,2.9877,55.2161,16.1838
3.66,0.4058,2.9629,57.5632,15.5784
3.67,0.3985,2.9380,60.0090,14.9654
3.68,0.3913,2.9130,62.5446,14.3446
3.69,0.3841,2.8880,65.1573,13.7163
3.70,0.3769,2.8628,67.8308,13.0805
3.71,0.3697,2.8377,70.5448,12.4374
3.72,0.3625,2.8124,73.2756,11.7873
3.73,0.3554,2.7871,75.9962,11.1305
3.74,0.3483,2.7618,78.6774,10.4674
3.75,0.3412,2.7364,81.2891,9.7984
3.76,0.3341,2.7109,83.8016,9.1242
3.77,0.3270,2.6854,86.1869,8.4454
3.78,0.3200,2.6598,88.4205,7.7628
3.79,0.3130,2.6342,90.4825,7.0773
3.80,0.3060,2.6085,92.3586,6.3898
3.81,0.2991,2.5828,94.0401,5.7014
3.82,0.2921,2.5570,95.5245,5.0134
3.83,0.2852,2.5312,96.8146,4.3269
3.84,0.2783,2.5054,97.9180,3.6434
3.85,0.2714,2.4795,98.8456,2.9643
3.86,0.2646,2.4536,99.6112,2.2912
3.87,0.2577,2.4277,100.2299,1.6255
3.88,0.2509,2.4017,100.7174,0.9689
3.89,0.2441,2.3757,101.0892,0.3230
3.90,0.2374,2.3497,101.3599,-0.3106
3.91,0.2306,2.3237,101.5432,-0.9303
3.92,0.2239,2.2976,101.6510,-1.5347
3.93,0.2172,2.2715,101.6942,-2.1221
3.94,0.2106,2.2454,101.6819,-2.6915
3.95,0.2039,2.2193,101.6220,-3.2414
3.96,0.1973,2.1932,101.5211,-3.7709
3.97,0.1907,2.1670,101.3849,-4.2791
3.98,0.1841,2.1409,101.2178,-4.7652
3.99,0.1776,2.1147,101.0238,-5.2288
4.00,0.1711,2.0885,100.8059,-5.6693
4.01,0.1646,2.0624,100.5669,-6.0867
4.02,0.1581,2.0362,100.3087,-6.4810
4.03,0.1516,2.0100,100.0334,-6.8524
4.04,0.1452,1.9839,99.7422,-7.2010
4.05,0.1388,1.9577,99.4366,-7.5276
4.06,0.1324,1.9316,99.1176,-7.8325
4.07,0.1261,1.9054,98.7862,-8.1166
4.08,0.1198,1.8793,98.4431,-8.3806
4.09,0.1135,1.8532,98.0890,-8.6254
4.10,0.1072,1.8271,97.7247,-8.8519
4.11,0.1009,1.8010,97.3506,-9.0611
4.12,0.0947,1.7749,96.9673,-9.2538
4.13,0.0885,1.7488,96.5753,-9.4312
4.14,0.0823,1.7228,96.1750,-9.5941
4.15,0.0762,1.6968,95.7668,-9.7434
4.16,0.0700,1.6708,95.3510,-9.8802
4.17,0.0639,1.6449,94.9281,-10.0054
4.18,0.0579,1.6190,94.4984,-10.1197
4.19,0.0518,1.5931,94.0623,-10.2240
4.20,0.0458,1.5672,93.6199,-10.3190
4.21,0.0398,1.5414,93.1717,-10.4056
4.22,0.0338,1.5156,92.7179,-10.4843
4.23,0.0279,1.4899,92.2588,-10.5559
4.24,0.0219,1.4642,91.7946,-10.6209
4.25,0.0161,1.4386,91.3257,-10.6799
4.26,0.0102,1.4130,90.8522,-10.7333
4.27,0.0043,1.3874,90.3745,-10.7818
4.28,-0.0015,1.3619,89.8927,-10.8256
4.29,-0.0073,1.3364,89.4070,-10.8653
4.30,-0.0130,1.3110,88.9178,-10.9011
4.31,-0.0188,1.2856,88.4252,-10.9334
4.32,-0.0245,1.2603,87.9294,-10.9625
4.33,-0.0302,1.2351,87.4305,-10.9888
4.34,-0.0358,1.2099,86.9289,-11.0124
4.35,-0.0415,1.1848,86.4247,-11.0336
4.36,-0.0471,1.1597,85.9181,-11.0527
4.37,-0.0526,1.1347,85.4092,-11.0697
4.38,-0.0582,1.1097,84.8983,-11.0849
4.39,-0.0637,1.0849,84.3854,-11.0985
4.40,-0.0692,1.0601,83.8708,-11.1105
4.41,-0.0747,1.0353,83.3547,-11.1212
4.42,-0.0802,1.0106,82.8370,-11.1307
4.43,-0.0856,0.9860,82.3181,-11.1390
4.44,-0.0910,0.9615,81.7980,-11.1463
4.45,-0.0963,0.9371,81.2769,-11.1526
4.46,-0.1017,0.9127,80.7549,-11.1580
4.47,-0.1070,0.8884,80.2321,-11.1627
4.48,-0.1123,0.8642,79.7087,-11.1667
4.49,-0.1175,0.8400,79.1847,-11.1700
4.50,-0.1228,0.8160,78.6603,-11.1727
4.51,-0.1280,0.7920,78.1356,-11.1748
4.52,-0.1332,0.7681,77.6107,-11.1765
4.53,-0.1383,0.7443,77.0857,-11.1777
4.54,-0.1434,0.7206,76.5607,-11.1784
4.55,-0.1486,0.6969,76.0358,-11.1788
4.56,-0.1536,0.6734,75.5110,-11.1788
4.57,-0.1587,0.6499,74.9864,-11.1786
4.58,-0.1637,0.6265,74.4622,-11.1780
4.59,-0.1687,0.6032,73.9384,-11.1771
4.60,-0.1737,0.5801,73.4151,-11.1760
4.61,-0.1786,0.5570,72.8923,-11.1747
4.62,-0.1835,0.5340,72.3701,-11.1731
4.63,-0.1884,0.5111,71.8486,-11.1713
4.64,-0.1933,0.4882,71.3278,-11.1694
4.65,-0.1981,0.4655,70.8078,-11.1673
4.66,-0.2029,0.4429,70.2887,-11.1651
4.67,-0.2077,0.4204,69.7704,-11.1627
4.68,-0.2124,0.3980,69.2531,-11.1601
4.69,-0.2171,0.3757,68.7368,-11.1575
4.70,-0.2218,0.3535,68.2215,-11.1547
4.71,-0.2265,0.3313,67.7072,-11.1519
4.72,-0.2312,0.3093,67.1941,-11.1489
4.73,-0.2358,0.2874,66.6821,-11.1458
4.74,-0.2404,0.2656,66.1713,-11.1427
4.75,-0.2449,0.2439,65.6616,-11.1394
4.76,-0.2495,0.2223,65.1532,-11.1361
4.77,-0.2540,0.2008,64.6461,-11.1328
4.78,-0.2585,0.1795,64.1402,-11.1293
4.79,-0.2629,0.1582,63.6356,-11.1258
4.80,-0.2674,0.1370,63.1323,-11.1223
4.81,-0.2718,0.1160,62.6304,-11.1187
4.82,-0.2761,0.0950,62.1298,-11.1150
4.83,-0.2805,0.0742,61.6306,-11.1113
4.84,-0.2848,0.0535,61.1328,-11.1075
4.85,-0.2891,0.0329,60.6364,-11.1037
4.86,-0.2934,0.0124,60.1413,-11.0999
4.87,-0.2976,-0.0080,59.6477,-11.0960
4.88,-0.3019,-0.0283,59.1555,-11.0921
4.89,-0.3061,-0.0484,58.6647,-11.0881
4.90,-0.3102,-0.0685,58.1753,-11.0841
4.91,-0.3144,-0.0884,57.6873,-11.0801
4.92,-0.3185,-0.1082,57.2008,-11.0760
4.93,-0.3226,-0.1279,56.7157,-11.0719
4.94,-0.3266,-0.1475,56.2320,-11.0678
4.95,-0.3307,-0.1670,55.7497,-11.0636
4.96,-0.3347,-0.1864,55.2688,-11.0594
4.97,-0.3386,-0.2056,54.7893,-11.0552
4.98,-0.3426,-0.2247,54.3113,-11.0510
4.99,-0.3465,-0.2437,53.8346,-11.0467
5.00,-0.3504,-0.2626,53.3593,-11.0424
5.01,-0.3543,-0.2814,52.8853,-11.0381
5.02,-0.3582,-0.3001,52.4128,-11.0338
5.03,-0.3620,-0.3186,51.9415,-11.0294
5.04,-0.3658,-0.3370,51.4716,-11.0250
5.05,-0.3696,-0.3553,51.0030,-11.0206
5.06,-0.3733,-0.3735,50.5357,-11.0162
5.07,-0.3770,-0.3916,50.0697,-11.0118
5.08,-0.3807,-0.4096,49.6049,-11.0073
5.09,-0.3844,-0.4274,49.1413,-11.0028
5.10,-0.3880,-0.4451,48.6790,-10.9983
5.11,-0.3916,-0.4627,48.2178,-10.9938
5.12,-0.3952,-0.4802,47.7578,-10.9892
5.13,-0.3988,-0.4976,47.2989,-10.9846
5.14,-0.4023,-0.5148,46.8412,-10.9800
5.15,-0.4059,-0.5319,46.3845,-10.9754
5.16,-0.4094,-0.5489,45.9288,-10.9708
5.17,-0.4128,-0.5658,45.4742,-10.9661
5.18,-0.4163,-0.5826,45.0205,-10.9615
5.19,-0.4197,-0.5992,44.5677,-10.9568
5.20,-0.4231,-0.6158,44.1159,-10.9521
5.21,-0.4264,-0.6322,43.6649,-10.9473
5.22,-0.4298,-0.6485,43.2146,-10.9426
5.23,-0.4331,-0.6647,42.7652,-10.9378
5.24,-0.4364,-0.6807,42.3164,-10.9330
5.25,-0.4396,-0.6967,41.8683,-10.9282
5.26,-0.4429,-0.7125,41.4208,-10.9234
5.27,-0.4461,-0.7282,40.9738,-10.9186
5.28,-0.4493,-0.7438,40.5273,-10.9137
5.29,-0.4524,-0.7593,40.0812,-10.9088
5.30,-0.4556,-0.7746,39.6355,-10.9039
5.31,-0.4587,-0.7899,39.1900,-10.8990
5.32,-0.4618,-0.8050,38.7447,-10.8941
5.33,-0.4648,-0.8200,38.2996,-10.8891
5.34,-0.4679,-0.8349,37.8545,-10.8842
5.35,-0.4709,-0.8496,37.4093,-10.8792
5.36,-0.4739,-0.8643,36.9641,-10.8742
5.37,-0.4768,-0.8788,36.5186,-10.8691
5.38,-0.4798,-0.8933,36.0727,-10.8641
5.39,-0.4827,-0.9076,35.6265,-10.8591
5.40,-0.4856,-0.9218,35.1797,-10.8540
5.41,-0.4885,-0.9358,34.7322,-10.8489
5.42,-0.4913,-0.9498,34.2840,-10.8438
5.43,-0.4941,-0.9636,33.8349,-10.8386
5.44,-0.4969,-0.9774,33.3848,-10.8335
5.45,-0.4997,-0.9910,32.9336,-10.8283
5.46,-0.5025,-1.0045,32.4810,-10.8231
5.47,-0.5052,-1.0179,32.0271,-10.8179
5.48,-0.5079,-1.0312,31.5715,-10.8127
5.49,-0.5106,-1.0443,31.1143,-10.8075
5.50,-0.5132,-1.0574,30.6551,-10.8022
5.51,-0.5159,-1.0703,30.1939,-10.7970
5.52,-0.5185,-1.0832,29.7305,-10.7917
5.53,-0.5210,-1.0959,29.2647,-10.7864
5.54,-0.5236,-1.1085,28.7962,-10.7810
5.55,-0.5261,-1.1210,28.3250,-10.7757
5.56,-0.5287,-1.1334,27.8509,-10.7703
5.57,-0.5312,-1.1457,27.3735,-10.7649
5.58,-0.5336,-1.1578,26.8928,-10.7595
5.59,-0.5361,-1.1699,26.4085,-10.7541
5.60,-0.5385,-1.1818,25.9205,-10.7487
5.61,-0.5409,-1.1937,25.4284,-10.7432
5.62,-0.5433,-1.2054,24.9320,-10.7378
5.63,-0.5456,-1.2170,24.4312,-10.7323
5.64,-0.5479,-1.2285,23.9257,-10.7268
5.65,-0.5503,-1.2400,23.4153,-10.7212
5.66,-0.5525,-1.2513,22.8997,-10.7157
5.67,-0.5548,-1.2625,22.3788,-10.7101
5.68,-0.5570,-1.2735,21.8522,-10.7045
5.69,-0.5593,-1.2845,21.3198,-10.6989
5.70,-0.5615,-1.2954,20.7814,-10.6933
5.71,-0.5636,-1.3062,20.2367,-10.6877
5.72,-0.5658,-1.3169,19.6855,-10.6820
5.73,-0.5679,-1.3274,19.1276,-10.6764
5.74,-0.5700,-1.3379,18.5630,-10.6707
5.75,-0.5721,-1.3483,17.9913,-10.6650
5.76,-0.5742,-1.3585,17.4124,-10.6593
5.77,-0.5762,-1.3687,16.8263,-10.6535
5.78,-0.5782,-1.3787,16.2329,-10.6477
5.79,-0.5802,-1.3887,15.6320,-10.6420
5.80,-0.5822,-1.3985,15.0237,-10.6362
5.81,-0.5842,-1.4083,14.4080,-10.6304
5.82,-0.5861,-1.4180,13.7849,-10.6245
5.83,-0.5880,-1.4275,13.1546,-10.6187
5.84,-0.5899,-1.4370,12.5172,-10.6128
5.85,-0.5918,-1.4463,11.8730,-10.6069
5.86,-0.5936,-1.4556,11.2223,-10.6010
5.87,-0.5955,-1.4647,10.5655,-10.5951
5.88,-0.5973,-1.4738,9.9030,-10.5891
5.89,-0.5990,-1.4828,9.2354,-10.5832
5.90,-0.6008,-1.4917,8.5634,-10.5772
5.91,-0.6026,-1.5004,7.8876,-10.5712
5.92,-0.6043,-1.5091,7.2090,-10.5652
5.93,-0.6060,-1.5177,6.5283,-10.5591
5.94,-0.6077,-1.5262,5.8468,-10.5531
5.95,-0.6093,-1.5346,5.1655,-10.5470
5.96,-0.6110,-1.5429,4.4856,-10.5409
5.97,-0.6126,-1.5511,3.8084,-10.5348
5.98,-0.6142,-1.5592,3.1354,-10.5287
5.99,-0.6158,-1.5673,2.4680,-10.5225
6.00,-0.6173,-1.5752,1.8076,-10.5163
6.01,-0.6189,-1.5830,1.1559,-10.5102
6.02,-0.6204,-1.5908,0.5144,-10.5040
6.03,-0.6219,-1.5985,-0.1154,-10.4977
6.04,-0.6234,-1.6060,-0.7319,-10.4915
6.05,-0.6248,-1.6135,-1.3336,-10.4852
6.06,-0.6263,-1.6209,-1.9192,-10.4790
6.07,-0.6277,-1.6282,-2.4874,-10.4727
6.08,-0.6291,-1.6355,-3.0369,-10.4664
6.09,-0.6305,-1.6426,-3.5667,-10.4600
6.10,-0.6318,-1.6496,-4.0758,-10.4537
6.11,-0.6332,-1.6566,-4.5636,-10.4473
6.12,-0.6345,-1.6635,-5.0295,-10.4409
6.13,-0.6358,-1.6703,-5.4730,-10.4345
6.14,-0.6371,-1.6770,-5.8939,-10.4281
6.15,-0.6384,-1.6836,-6.2922,-10.4216
6.16,-0.6396,-1.6901,-6.6681,-10.4152
6.17,-0.6409,-1.6966,-7.0217,-10.4087
6.18,-0.6421,-1.7030,-7.3534,-10.4022
6.19,-0.6433,-1.7093,-7.6639,-10.3957
6.20,-0.6444,-1.7155,-7.9537,-10.3891
6.21,-0.6456,-1.7216,-8.2236,-10.3826
6.22,-0.6467,-1.7276,-8.4744,-10.3760
6.23,-0.6478,-1.7336,-8.7069,-10.3694
6.24,-0.6489,-1.7395,-8.9221,-10.3628
6.25,-0.6500,-1.7453,-9.1208,-10.3562
6.26,-0.6511,-1.7510,-9.3041,-10.3495
6.27,-0.6521,-1.7567,-9.4727,-10.3428
6.28,-0.6532,-1.7622,-9.6278,-10.3361
6.29,-0.6542,-1.7677,-9.7700,-10.3294
6.30,-0.6552,-1.7731,-9.9005,-10.3227
6.31,-0.6561,-1.7785,-10.0199,-10.3160
6.32,-0.6571,-1.7837,-10.1291,-10.3092
6.33,-0.6580,-1.7889,-10.2289,-10.3024
6.34,-0.6589,-1.7940,-10.3199,-10.2956
6.35,-0.6598,-1.7990,-10.4029,-10.2888
6.36,-0.6607,-1.8040,-10.4785,-10.2820
6.37,-0.6616,-1.8089,-10.5474,-10.2751
6.38,-0.6624,-1.8137,-10.6100,-10.2682
6.39,-0.6633,-1.8184,-10.6669,-10.2614
6.40,-0.6641,-1.8231,-10.7186,-10.2544
6.41,-0.6649,-1.8277,-10.7655,-10.2475
6.42,-0.6657,-1.8322,-10.8080,-10.2406
6.43,-0.6664,-1.8366,-10.8465,-10.2336
6.44,-0.6672,-1.8410,-10.8813,-10.2266
6.45,-0.6679,-1.8453,-10.9128,-10.2196
6.46,-0.6686,-1.8496,-10.9413,-10.2126
6.47,-0.6693,-1.8537,-10.9670,-10.2055
6.48,-0.6700,-1.8578,-10.9901,-10.1985
6.49,-0.6707,-1.8619,-11.0109,-10.1914
6.50,-0.6713,-1.8658,-11.0296,-10.1843
6.51,-0.6720,-1.8697,-11.0464,-10.1772
6.52,-0.6726,-1.8735,-11.0615,-10.1700
6.53,-0.6732,-1.8773,-11.0749,-10.1629
6.54,-0.6738,-1.8810,-11.0868,-10.1557
6.55,-0.6743,-1.8846,-11.0974,-10.1485
6.56,-0.6749,-1.8882,-11.1068,-10.1413
6.57,-0.6754,-1.8917,-11.1151,-10.1341
6.58,-0.6759,-1.8951,-11.1224,-10.1268
6.59,-0.6764,-1.8984,-11.1287,-10.1196
6.60,-0.6769,-1.9017,-11.1342,-10.1123
6.61,-0.6774,-1.9050,-11.1389,-10.1050
6.62,-0.6779,-1.9081,-11.1429,-10.0977
6.63,-0.6783,-1.9113,-11.1462,-10.0903
6.64,-0.6787,-1.9143,-11.1490,-10.0829
6.65,-0.6791,-1.9173,-11.1512,-10.0756
6.66,-0.6795,-1.9202,-11.1529,-10.0682
6.67,-0.6799,-1.9231,-11.1541,-10.0608
6.68,-0.6803,-1.9259,-11.1549,-10.0533
6.69,-0.6806,-1.9286,-11.1554,-10.0459
6.70,-0.6810,-1.9313,-11.1554,-10.0384
6.71,-0.6813,-1.9339,-11.1552,-10.0309
6.72,-0.6816,-1.9365,-11.1546,-10.0234
6.73,-0.6819,-1.9390,-11.1538,-10.0159
6.74,-0.6822,-1.9414,-11.1527,-10.0083
6.75,-0.6824,-1.9438,-11.1514,-10.0008
6.76,-0.6827,-1.9461,-11.1499,-9.9932
6.77,-0.6829,-1.9484,-11.1481,-9.9856
6.78,-0.6831,-1.9506,-11.1462,-9.9780
6.79,-0.6833,-1.9528,-11.1441,-9.9703
6.80,-0.6835,-1.9549,-11.1419,-9.9627
6.81,-0.6837,-1.9569,-11.1395,-9.9550
6.82,-0.6839,-1.9589,-11.1369,-9.9473
6.83,-0.6840,-1.9609,-11.1343,-9.9396
6.84,-0.6842,-1.9628,-11.1315,-9.9319
6.85,-0.6843,-1.9646,-11.1286,-9.9241
6.86,-0.6844,-1.9664,-11.1256,-9.9163
6.87,-0.6845,-1.9681,-11.1225,-9.9086
6.88,-0.6846,-1.9697,-11.1194,-9.9008
6.89,-0.6846,-1.9714,-11.1161,-9.8929
6.90,-0.6847,-1.9729,-11.1128,-9.8851
6.91,-0.6847,-1.9744,-11.1094,-9.8772
6.92,-0.6847,-1.9759,-11.1059,-9.8694
6.93,-0.6848,-1.9773,-11.1024,-9.8615
6.94,-0.6848,-1.9787,-11.0988,-9.8535
6.95,-0.6847,-1.9800,-11.0951,-9.8456
6.96,-0.6847,-1.9812,-11.0914,-9.8377
6.97,-0.6847,-1.9824,-11.0876,-9.8297
6.98,-0.6846,-1.9836,-11.0838,-9.8217
6.99,-0.6846,-1.9847,-11.0800,-9.8137
7.00,-0.6845,-1.9858,-11.0761,-9.8057
7.01,-0.6844,-1.9868,-11.0721,-9.7976
7.02,-0.6843,-1.9877,-11.0681,-9.7896
7.03,-0.6842,-1.9887,-11.0641,-9.7815
7.04,-0.6840,-1.9895,-11.0600,-9.7734
7.05,-0.6839,-1.9903,-11.0560,-9.7653
7.06,-0.6837,-1.9911,-11.0518,-9.7572
7.07,-0.6836,-1.9918,-11.0477,-9.7490
7.08,-0.6834,-1.9925,-11.0435,-9.7409
7.09,-0.6832,-1.9932,-11.0392,-9.7327
7.10,-0.6830,-1.9938,-11.0350,-9.7245
7.11,-0.6828,-1.9943,-11.0307,-9.7162
7.12,-0.6826,-1.9948,-11.0264,-9.7080
7.13,-0.6823,-1.9953,-11.0221,-9.6998
7.14,-0.6821,-1.9957,-11.0177,-9.6915
7.15,-0.6818,-1.9961,-11.0133,-9.6832
7.16,-0.6815,-1.9964,-11.0089,-9.6749
7.17,-0.6812,-1.9967,-11.0045,-9.6665
7.18,-0.6810,-1.9969,-11.0000,-9.6582
7.19,-0.6806,-1.9971,-10.9955,-9.6498
7.20,-0.6803,-1.9973,-10.9910,-9.6415
7.21,-0.6800,-1.9974,-10.9865,-9.6331
7.22,-0.6796,-1.9975,-10.9819,-9.6246
7.23,-0.6793,-1.9975,-10.9773,-9.6162
7.24,-0.6789,-1.9975,-10.9727,-9.6078
7.25,-0.6786,-1.9974,-10.9681,-9.5993
7.26,-0.6782,-1.9973,-10.9635,-9.5908
7.27,-0.6778,-1.9972,-10.9588,-9.5823
7.28,-0.6774,-1.9970,-10.9542,-9.5738
7.29,-0.6769,-1.9968,-10.9495,-9.5652
7.30,-0.6765,-1.9966,-10.9447,-9.5567
7.31,-0.6761,-1.9963,-10.9400,-9.5481
7.32,-0.6756,-1.9960,-10.9352,-9.5395
7.33,-0.6751,-1.9956,-10.9305,-9.5309
7.34,-0.6747,-1.9952,-10.9257,-9.5223
7.35,-0.6742,-1.9948,-10.9208,-9.5136
7.36,-0.6737,-1.9943,-10.9160,-9.5050
7.37,-0.6732,-1.9938,-10.9111,-9.4963
7.38,-0.6727,-1.9933,-10.9063,-9.4876
7.39,-0.6721,-1.9927,-10.9014,-9.4789
7.40,-0.6716,-1.9920,-10.8965,-9.4702
7.41,-0.6711,-1.9914,-10.8915,-9.4614
7.42,-0.6705,-1.9907,-10.8866,-9.4527
7.43,-0.6699,-1.9900,-10.8816,-9.4439
7.44,-0.6694,-1.9892,-10.8766,-9.4351
7.45,-0.6688,-1.9884,-10.8716,-9.4263
7.46,-0.6682,-1.9876,-10.8666,-9.4174
7.47,-0.6676,-1.9867,-10.8616,-9.4086
7.48,-0.6670,-1.9858,-10.8565,-9.3997
7.49,-0.6663,-1.9849,-10.8514,-9.3908
7.50,-0.6657,-1.9839,-10.8463,-9.3819
7.51,-0.6651,-1.9829,-10.8412,-9.3730
7.52,-0.6644,-1.9819,-10.8361,-9.3641
7.53,-0.6637,-1.9808,-10.8309,-9.3551
7.54,-0.6631,-1.9797,-10.8258,-9.3462
7.55,-0.6624,-1.9786,-10.8206,-9.3372
7.56,-0.6617,-1.9774,-10.8154,-9.3282
7.57,-0.6610,-1.9762,-10.8101,-9.3192
7.58,-0.6603,-1.9750,-10.8049,-9.3101
7.59,-0.6596,-1.9738,-10.7996,-9.3011
7.60,-0.6589,-1.9725,-10.7943,-9.2920
7.61,-0.6581,-1.9712,-10.7891,-9.2830
7.62,-0.6574,-1.9698,-10.7837,-9.2739
7.63,-0.6566,-1.9684,-10.7784,-9.2647
7.64,-0.6559,-1.9670,-10.7731,-9.2556
7.65,-0.6551,-1.9656,-10.7677,-9.2465
7.66,-0.6543,-1.9641,-10.7623,-9.2373
7.67,-0.6535,-1.9626,-10.7569,-9.2281
7.68,-0.6527,-1.9611,-10.7515,-9.2189
7.69,-0.6519,-1.9595,-10.7460,-9.2097
7.70,-0.6511,-1.9580,-10.7406,-9.2005
7.71,-0.6503,-1.9564,-10.7351,-9.1912
7.72,-0.6495,-1.9547,-10.7296,-9.1820
7.73,-0.6486,-1.9530,-10.7241,-9.1727
7.74,-0.6478,-1.9514,-10.7185,-9.1634
7.75,-0.6469,-1.9496,-10.7130,-9.1541
7.76,-0.6461,-1.9479,-10.7074,-9.1448
7.77,-0.6452,-1.9461,-10.7018,-9.1354
7.78,-0.6443,-1.9443,-10.6962,-9.1261
7.79,-0.6434,-1.9425,-10.6906,-9.1167
7.80,-0.6425,-1.9406,-10.6850,-9.1073
7.81,-0.6416,-1.9388,-10.6793,-9.0979
7.82,-0.6407,-1.9369,-10.6736,-9.0885
7.83,-0.6398,-1.9349,-10.6679,-9.0791
7.84,-0.6389,-1.9330,-10.6622,-9.0696
7.85,-0.6380,-1.9310,-10.6565,-9.0602
7.86,-0.6370,-1.9290,-10.6507,-9.0507
7.87,-0.6361,-1.9269,-10.6450,-9.0412
7.88,-0.6351,-1.9249,-10.6392,-9.0317
7.89,-0.6342,-1.9228,-10.6334,-9.0222
7.90,-0.6332,-1.9207,-10.6275,-9.0126
7.91,-0.6322,-1.9186,-10.6217,-9.0031
7.92,-0.6312,-1.9164,-10.6158,-8.9935
7.93,-0.6303,-1.9143,-10.6100,-8.9839
7.94,-0.6293,-1.9121,-10.6041,-8.9743
7.95,-0.6283,-1.9098,-10.5981,-8.9647
7.96,-0.6272,-1.9076,-10.5922,-8.9551
7.97,-0.6262,-1.9053,-10.5862,-8.9454
7.98,-0.6252,-1.9031,-10.5803,-8.9358
7.99,-0.6242,-1.9007,-10.5743,-8.9261
8.00,-0.6231,-1.8984,-10.5683,-8.9164
8.01,-0.6221,-1.8961,-10.5623,-8.9067
8.02,-0.6210,-1.8937,-10.5562,-8.8970
8.03,-0.6200,-1.8913,-10.5501,-8.8872
8.04,-0.6189,-1.8889,-10.5441,-8.8775
8.05,-0.6178,-1.8864,-10.5380,-8.8677
8.06,-0.6168,-1.8840,-10.5318,-8.8579
8.07,-0.6157,-1.8815,-10.5257,-8.8481
8.08,-0.6146,-1.8790,-10.5195,-8.8383
8.09,-0.6135,-1.8765,-10.5134,-8.8285
8.10,-0.6124,-1.8739,-10.5072,-8.8187
8.11,-0.6113,-1.8714,-10.5010,-8.8088
8.12,-0.6102,-1.8688,-10.4947,-8.7990
8.13,-0.6091,-1.8662,-10.4885,-8.7891
8.14,-0.6079,-1.8636,-10.4822,-8.7792
8.15,-0.6068,-1.8609,-10.4759,-8.7693
8.16,-0.6057,-1.8583,-10.4696,-8.7594
8.17,-0.6045,-1.8556,-10.4633,-8.7494
8.18,-0.6034,-1.8529,-10.4570,-8.7395
8.19,-0.6022,-1.8502,-10.4506,-8.7295
8.20,-0.6010,-1.8474,-10.4442,-8.7196
8.21,-0.5999,-1.8447,-10.4378,-8.7096
8.22,-0.5987,-1.8419,-10.4314,-8.6996
8.23,-0.5975,-1.8391,-10.4250,-8.6895
8.24,-0.5963,-1.8363,-10.4185,-8.6795
8.25,-0.5952,-1.8335,-10.4121,-8.6695
8.26,-0.5940,-1.8307,-10.4056,-8.6594
8.27,-0.5928,-1.8278,-10.3991,-8.6493
8.28,-0.5916,-1.8249,-10.3925,-8.6393
8.29,-0.5904,-1.8221,-10.3860,-8.6292
8.30,-0.5891,-1.8191,-10.3794,-8.6191
8.31,-0.5879,-1.8162,-10.3728,-8.6089
8.32,-0.5867,-1.8133,-10.3662,-8.5988
8.33,-0.5855,-1.8103,-10.3596,-8.5886
8.34,-0.5842,-1.8074,-10.3530,-8.5785
8.35,-0.5830,-1.8044,-10.3463,-8.5683
8.36,-0.5817,-1.8014,-10.3396,-8.5581
8.37,-0.5805,-1.7983,-10.3329,-8.5479
8.38,-0.5792,-1.7953,-10.3262,-8.5377
8.39,-0.5780,-1.7923,-10.3195,-8.5275
8.40,-0.5767,-1.7892,-10.3127,-8.5172
8.41,-0.5754,-1.7861,-10.3060,-8.5070
8.42,-0.5742,-1.7830,-10.2992,-8.4967
8.43,-0.5729,-1.7799,-10.2924,-8.4864
8.44,-0.5716,-1.7768,-10.2855,-8.4761
8.45,-0.5703,-1.7736,-10.2787,-8.4658
8.46,-0.5690,-1.7705,-10.2718,-8.4555
8.47,-0.5677,-1.7673,-10.2649,-8.4452
8.48,-0.5664,-1.7641,-10.2580,-8.4349
8.49,-0.5651,-1.7610,-10.2511,-8.4245
8.50,-0.5638,-1.7577,-10.2442,-8.4141
8.51,-0.5625,-1.7545,-10.2372,-8.4038
8.52,-0.5612,-1.7513,-10.2302,-8.3934
8.53,-0.5598,-1.7480,-10.2232,-8.3830
8.54,-0.5585,-1.7448,-10.2162,-8.3726
8.55,-0.5572,-1.7415,-10.2092,-8.3621
8.56,-0.5558,-1.7382,-10.2021,-8.3517
8.57,-0.5545,-1.7349,-10.1951,-8.3413
8.58,-0.5532,-1.7316,-10.1880,-8.3308
8.59,-0.5518,-1.7283,-10.1809,-8.3203
8.60,-0.5505,-1.7249,-10.1738,-8.3099
8.61,-0.5491,-1.7216,-10.1666,-8.2994
8.62,-0.5477,-1.7182,-10.1594,-8.2889
8.63,-0.5464,-1.7149,-10.1523,-8.2783
8.64,-0.5450,-1.7115,-10.1451,-8.2678
8.65,-0.5436,-1.7081,-10.1378,-8.2573
8.66,-0.5423,-1.7047,-10.1306,-8.2467
8.67,-0.5409,-1.7013,-10.1233,-8.2362
8.68,-0.5395,-1.6978,-10.1161,-8.2256
8.69,-0.5381,-1.6944,-10.1088,-8.2150
8.70,-0.5367,-1.6909,-10.1015,-8.2044
8.71,-0.5353,-1.6875,-10.0941,-8.1938
8.72,-0.5340,-1.6840,-10.0868,-8.1832
8.73,-0.5326,-1.6805,-10.0794,-8.1726
8.74,-0.5312,-1.6770,-10.0720,-8.1619
8.75,-0.5297,-1.6735,-10.0646,-8.1513
8.76,-0.5283,-1.6700,-10.0572,-8.1406
8.77,-0.5269,-1.6665,-10.0498,-8.1300
8.78,-0.5255,-1.6629,-10.0423,-8.1193
8.79,-0.5241,-1.6594,-10.0348,-8.1086
8.80,-0.5227,-1.6558,-10.0273,-8.0979
8.81,-0.5213,-1.6523,-10.0198,-8.0872
8.82,-0.5198,-1.6487,-10.0123,-8.0765
8.83,-0.5184,-1.6451,-10.0047,-8.0657
8.84,-0.5170,-1.6415,-9.9971,-8.0550
8.85,-0.5155,-1.6379,-9.9895,-8.0442
8.86,-0.5141,-1.6343,-9.9819,-8.0335
8.87,-0.5126,-1.6307,-9.9743,-8.0227
8.88,-0.5112,-1.6270,-9.9667,-8.0119
8.89,-0.5098,-1.6234,-9.9590,-8.0011
8.90,-0.5083,-1.6198,-9.9513,-7.9903
8.91,-0.5069,-1.6161,-9.9436,-7.9795
8.92,-0.5054,-1.6124,-9.9359,-7.9687
8.93,-0.5039,-1.6088,-9.9281,-7.9579
8.94,-0.5025,-1.6051,-9.9204,-7.9470
8.95,-0.5010,-1.6014,-9.9126,-7.9362
8.96,-0.4996,-1.5977,-9.9048,-7.9253
8.97,-0.4981,-1.5940,-9.8970,-7.9145
8.98,-0.4966,-1.5903,-9.8892,-7.9036
8.99,-0.4951,-1.5866,-9.8813,-7.8927
9.00,-0.4937,-1.5828,-9.8735,-7.8818
9.01,-0.4922,-1.5791,-9.8656,-7.8709
9.02,-0.4907,-1.5754,-9.8577,-7.8600
9.03,-0.4892,-1.5716,-9.8498,-7.8491
9.04,-0.4877,-1.5679,-9.8418,-7.8381
9.05,-0.4863,-1.5641,-9.8339,-7.8272
9.06,-0.4848,-1.5603,-9.8259,-7.8163
9.07,-0.4833,-1.5565,-9.8179,-7.8053
9.08,-0.4818,-1.5528,-9.8099,-7.7943
9.09,-0.4803,-1.5490,-9.8018,-7.7834
9.10,-0.4788,-1.5452,-9.7938,-7.7724
9.11,-0.4773,-1.5414,-9.7857,-7.7614
9.12,-0.4758,-1.5376,-9.7776,-7.7504
9.13,-0.4743,-1.5337,-9.7695,-7.7394
9.14,-0.4728,-1.5299,-9.7614,-7.7284
9.15,-0.4713,-1.5261,-9.7533,-7.7174
9.16,-0.4698,-1.5223,-9.7451,-7.7063
9.17,-0.4683,-1.5184,-9.7369,-7.6953
9.18,-0.4668,-1.5146,-9.7287,-7.6842
9.19,-0.4653,-1.5107,-9.7205,-7.6732
9.20,-0.4637,-1.5069,-9.7123,-7.6621
9.21,-0.4622,-1.5030,-9.7041,-7.6511
9.22,-0.4607,-1.4991,-9.6958,-7.6400
9.23,-0.4592,-1.4953,-9.6875,-7.6289
9.24,-0.4577,-1.4914,-9.6792,-7.6178
9.25,-0.4561,-1.4875,-9.6709,-7.6067
9.26,-0.4546,-1.4836,-9.6626,-7.5956
9.27,-0.4531,-1.4797,-9.6542,-7.5845
9.28,-0.4516,-1.4758,-9.6458,-7.5734
9.29,-0.4500,-1.4719,-9.6374,-7.5622
9.30,-0.4485,-1.4680,-9.6290,-7.5511
9.31,-0.4470,-1.4641,-9.6206,-7.5400
9.32,-0.4455,-1.4602,-9.6122,-7.5288
9.33,-0.4439,-1.4562,-9.6037,-7.5177
9.34,-0.4424,-1.4523,-9.5952,-7.5065
9.35,-0.4409,-1.4484,-9.5867,-7.4953
9.36,-0.4393,-1.4445,-9.5782,-7.4841
9.37,-0.4378,-1.4405,-9.5697,-7.4730
9.38,-0.4362,-1.4366,-9.5612,-7.4618
9.39,-0.4347,-1.4326,-9.5526,-7.4506
9.40,-0.4332,-1.4287,-9.5440,-7.4394
9.41,-0.4316,-1.4247,-9.5354,-7.4282
9.42,-0.4301,-1.4208,-9.5268,-7.4169
9.43,-0.4285,-1.4168,-9.5182,-7.4057
9.44,-0.4270,-1.4128,-9.5095,-7.3945
9.45,-0.4255,-1.4089,-9.5008,-7.3833
9.46,-0.4239,-1.4049,-9.4922,-7.3720
9.47,-0.4224,-1.4009,-9.4834,-7.3608
9.48,-0.4208,-1.3969,-9.4747,-7.3495
9.49,-0.4193,-1.3930,-9.4660,-7.3383
9.50,-0.4177,-1.3890,-9.4572,-7.3270
9.51,-0.4162,-1.3850,-9.4485,-7.3157
9.52,-0.4146,-1.3810,-9.4397,-7.3045
9.53,-0.4131,-1.3770,-9.4309,-7.2932
9.54,-0.4115,-1.3730,-9.4221,-7.2819
9.55,-0.4100,-1.3690,-9.4132,-7.2706
9.56,-0.4084,-1.3650,-9.4044,-7.2593
9.57,-0.4069,-1.3610,-9.3955,-7.2480
9.58,-0.4053,-1.3570,-9.3866,-7.2367
9.59,-0.4038,-1.3530,-9.3777,-7.2254
9.60,-0.4022,-1.3490,-9.3688,-7.2141
9.61,-0.4006,-1.3449,-9.3598,-7.2027
9.62,-0.3991,-1.3409,-9.3509,-7.1914
9.63,-0.3975,-1.3369,-9.3419,-7.1801
9.64,-0.3960,-1.3329,-9.3329,-7.1687
9.65,-0.3944,-1.3289,-9.3239,-7.1574
9.66,-0.3929,-1.3248,-9.3149,-7.1460
9.67,-0.3913,-1.3208,-9.3058,-7.1347
9.68,-0.3898,-1.3168,-9.2968,-7.1233
9.69,-0.3882,-1.3128,-9.2877,-7.1120
9.70,-0.3866,-1.3087,-9.2786,-7.1006
9.71,-0.3851,-1.3047,-9.2695,-7.0892
9.72,-0.3835,-1.3007,-9.2604,-7.0779
9.73,-0.3820,-1.2966,-9.2513,-7.0665
9.74,-0.3804,-1.2926,-9.2421,-7.0551
9.75,-0.3789,-1.2885,-9.2329,-7.0437
9.76,-0.3773,-1.2845,-9.2237,-7.0323
9.77,-0.3757,-1.2805,-9.2145,-7.0209
9.78,-0.3742,-1.2764,-9.2053,-7.0095
9.79,-0.3726,-1.2724,-9.1961,-6.9981
9.80,-0.3711,-1.2683,-9.1868,-6.9867
9.81,-0.3695,-1.2643,-9.1776,-6.9753
9.82,-0.3680,-1.2602,-9.1683,-6.9639
9.83,-0.3664,-1.2562,-9.1590,-6.9525
9.84,-0.3648,-1.2521,-9.1497,-6.9411
9.85,-0.3633,-1.2481,-9.1403,-6.9296
9.86,-0.3617,-1.2440,-9.1310,-6.9182
9.87,-0.3602,-1.2400,-9.1216,-6.9068
9.88,-0.3586,-1.2359,-9.1123,-6.8953
9.89,-0.3571,-1.2319,-9.1029,-6.8839
9.90,-0.3555,-1.2278,-9.0935,-6.8725
9.91,-0.3540,-1.2238,-9.0840,-6.8610
9.92,-0.3524,-1.2197,-9.0746,-6.8496
9.93,-0.3508,-1.2157,-9.0651,-6.8381
9.94,-0.3493,-1.2116,-9.0557,-6.8267
9.95,-0.3477,-1.2076,-9.0462,-6.8152
9.96,-0.3462,-1.2035,-9.0367,-6.8037
9.97,-0.3446,-1.1995,-9.0272,-6.7923
9.98,-0.3431,-1.1954,-9.0176,-6.7808
9.99,-0.3415,-1.1913,-9.0081,-6.7693
10.00,-0.3400,-1.1873,-8.9985,-6.7579
